ID,Page,Title,Type,Description,Image URL,Content URL,Timestamp,Genre
1,Main Page,The Morning Show,TV Show,Apple TV+ Original Series,https://is1-ssl.mzstatic.com/image/thumb/N4fzqVkhGqUYPL4Km2uasQ/225x338BDT.TVA23D01.webp,https://tv.apple.com/us/show/the-morning-show/umc.cmc.25tn3v8ku4b39tr6ccgb8nl6m?ctx_proot=tahoma_searchlanding,1.75938E+12,Drama
2,Main Page,Slow Horses,TV Show,Apple TV+ Original Series,https://is1-ssl.mzstatic.com/image/thumb/bArDzA292bd3Xk7rKhn42Q/225x338BDT.TVA23D01.webp,https://tv.apple.com/us/show/slow-horses/umc.cmc.2szz3fdt71tl1ulnbp8utgq5o?ctx_proot=tahoma_searchlanding,1.75938E+12,Drama; Thriller
3,Main Page,All of You,Movie,Apple TV+ Original Film,https://is1-ssl.mzstatic.com/image/thumb/mMEwUE62pZBiFXHTxVCdyQ/225x338BDT.TVA23D01.webp,https://tv.apple.com/us/movie/all-of-you/umc.cmc.3hac5oqhh3gxiu35spyu8fanf?ctx_proot=tahoma_searchlanding,1.75938E+12,Drama
4,Main Page,Invasion,TV Show,Apple TV+ Original Series,https://is1-ssl.mzstatic.com/image/thumb/ccP6rECH8LXO4gbKk9FpSQ/225x338BDT.TVA23D01.webp,https://tv.apple.com/us/show/invasion/umc.cmc.70b7z97fv7azfzn5baqnj88p6?ctx_proot=tahoma_searchlanding,1.75938E+12,Drama; Fantasy; Sci-Fi
5,Main Page,Platonic,TV Show,Apple TV+ Original Series,https://is1-ssl.mzstatic.com/image/thumb/sy3BDqFmJ1iospZk4xB_ow/225x338BDT.TVA23D01.webp,https://tv.apple.com/us/show/platonic/umc.cmc.y7bc18x7co813l8i2tlsyb4l?ctx_proot=tahoma_searchlanding,1.75938E+12,Comedy; Romance
6,Main Page,Highest 2 Lowest,Movie,Apple TV+ Original Film,https://is1-ssl.mzstatic.com/image/thumb/c-jYogNND3BIyuISUXJ8_g/225x338BDT.TVA23D01.webp,https://tv.apple.com/us/movie/highest-2-lowest/umc.cmc.3rbg43tt2brl2cp5wwacfrmhx?ctx_proot=tahoma_searchlanding,1.75938E+12,Crime; Drama; Mystery
7,Main Page,The Reluctant Traveler with Eugene Levy,TV Show,Apple TV+ Original Series,https://is1-ssl.mzstatic.com/image/thumb/ZgAHGC6TI9Iwy0x2VJRWCg/225x338BDT.TVA23D01.webp,https://tv.apple.com/us/show/the-reluctant-traveler-with-eugene-levy/umc.cmc.237ur6qdup9h826huv7jg25yu?ctx_proot=tahoma_searchlanding,1.75938E+12,Unknown
8,Main Page,Ted Lasso,TV Show,Apple TV+ Original Series,https://is1-ssl.mzstatic.com/image/thumb/MEK-8GCPhPdtqifOJ_d8ag/225x338BDT.TVA23D01.webp,https://tv.apple.com/us/show/ted-lasso/umc.cmc.vtoh0mn0xn7t3c643xqonfzy?ctx_proot=tahoma_searchlanding,1.75938E+12,Comedy; Drama; Sport
9,Main Page,Severance,TV Show,Apple TV+ Original Series,https://is1-ssl.mzstatic.com/image/thumb/_705uGqVmFkkNIXfLCXHRw/225x338BDT.TVA23D01.webp,https://tv.apple.com/us/show/severance/umc.cmc.1srk2goyh2q2zdxcx605w8vtx?ctx_proot=tahoma_searchlanding,1.75938E+12,Drama; Mystery; Sci-Fi
10,Main Page,Shrinking,TV Show,Apple TV+ Original Series,https://is1-ssl.mzstatic.com/image/thumb/TEzdangbbeRRj9mKlkjY0Q/225x338BDT.TVA23D01.webp,https://tv.apple.com/us/show/shrinking/umc.cmc.apzybj6eqf6pzccd97kev7bs?ctx_proot=tahoma_searchlanding,1.75938E+12,Comedy; Drama
11,Main Page,Silo,TV Show,Apple TV+ Original Series,https://is1-ssl.mzstatic.com/image/thumb/g6LgKfoFy-tG_RHrp87BOQ/225x338BDT.TVA23D01.webp,https://tv.apple.com/us/show/silo/umc.cmc.3yksgc857px0k0rqe5zd4jice?ctx_proot=tahoma_searchlanding,1.75938E+12,Drama; Mystery; Sci-Fi
12,Main Page,See,TV Show,Apple TV+ Original Series,https://is1-ssl.mzstatic.com/image/thumb/nCdrrzxSei4xS2e7MWZB7g/225x338BDT.TVA23D01.webp,https://tv.apple.com/us/show/see/umc.cmc.3s4mgg2y7h95fks9gnc4pw13m?ctx_proot=tahoma_searchlanding,1.75938E+12,Action; Drama; Sci-Fi
13,Main Page,Greyhound,Movie,Apple TV+ Original Film,https://is1-ssl.mzstatic.com/image/thumb/PCMtP8sLZF39mh_BP3sJ2g/225x338BDT.TVA23D01.webp,https://tv.apple.com/us/movie/greyhound/umc.cmc.o5z5ztufuu3uv8lx7m0jcega?ctx_proot=tahoma_searchlanding,1.75938E+12,Drama; History; War
14,Main Page,Foundation,TV Show,Apple TV+ Original Series,https://is1-ssl.mzstatic.com/image/thumb/4uR1q3YRSmx2qyTrRNUosg/225x338BDT.TVA23D01.webp,https://tv.apple.com/us/show/foundation/umc.cmc.5983fipzqbicvrve6jdfep4x3?ctx_proot=tahoma_searchlanding,1.75938E+12,Drama; Sci-Fi
15,Main Page,The Family Plan,Movie,Apple TV+ Original Film,https://is1-ssl.mzstatic.com/image/thumb/bPdjzNmz1np6iAajg7RYuQ/225x338BDT.TVA23D01.webp,https://tv.apple.com/us/movie/the-family-plan/umc.cmc.6o6y3wel2lez2tkdu2cv8dzd1?ctx_proot=tahoma_searchlanding,1.75938E+12,Action; Comedy
16,Main Page,Hijack,TV Show,Apple TV+ Original Series,https://is1-ssl.mzstatic.com/image/thumb/jz5z6tXdbibQOYEXS8oh3w/225x338BDT.TVA23D01.webp,https://tv.apple.com/us/show/hijack/umc.cmc.1dg08zn0g3zx52hs8npoj5qe3?ctx_proot=tahoma_searchlanding,1.75938E+12,Drama; Thriller
17,Main Page,Presumed Innocent,TV Show,Apple TV+ Original Series,https://is1-ssl.mzstatic.com/image/thumb/5rIsRx729DKOCzxgjXmwtw/225x338BDT.TVA23D01.webp,https://tv.apple.com/us/show/presumed-innocent/umc.cmc.5hnqrhwtzt3esr7rb1wq2ppvn?ctx_proot=tahoma_searchlanding,1.75938E+12,Crime; Drama; Mystery
18,Main Page,For All Mankind,TV Show,Apple TV+ Original Series,https://is1-ssl.mzstatic.com/image/thumb/6e6X-HBI1yD3HH4MNLIkng/225x338BDT.TVA23D01.webp,https://tv.apple.com/us/show/for-all-mankind/umc.cmc.6wsi780sz5tdbqcf11k76mkp7?ctx_proot=tahoma_searchlanding,1.75938E+12,Drama; Sci-Fi
19,Main Page,Wolfs,Movie,Apple TV+ Original Film,https://is1-ssl.mzstatic.com/image/thumb/coNJnVeTxL037pEjt5hi2A/225x338BDT.TVA23D01.webp,https://tv.apple.com/us/movie/wolfs/umc.cmc.c3xhu25rw4jxxxzq4oio6snu?ctx_proot=tahoma_searchlanding,1.75938E+12,Crime; Thriller
20,Main Page,The Gorge,Movie,Apple TV+ Original Film,https://is1-ssl.mzstatic.com/image/thumb/atB16fDyA9l0RdfRsFXaMw/225x338BDT.TVA23D01.webp,https://tv.apple.com/us/movie/the-gorge/umc.cmc.26o403koqo2klixc0jtqy6tmc?ctx_proot=tahoma_searchlanding,1.75938E+12,Action; Adventure; Horror
21,Main Page,Black Bird,TV Show,Apple TV+ Original Series,https://is1-ssl.mzstatic.com/image/thumb/tvxM4d4qb3n0qnRQGa1yog/225x338BDT.TVA23D01.webp,https://tv.apple.com/us/show/black-bird/umc.cmc.30gx1y8nwthydkrvhqu156p3?ctx_proot=tahoma_searchlanding,1.75938E+12,Biography; Crime; Drama
22,Main Page,Ghosted,Movie,Apple TV+ Original Film,https://is1-ssl.mzstatic.com/image/thumb/jQb6_H0sn5TpR4e5KQgVWA/225x338BDT.TVA23D01.webp,https://tv.apple.com/us/movie/ghosted/umc.cmc.6nodv9rf3ltfk2ar3pfc8hced?ctx_proot=tahoma_searchlanding,1.75938E+12,Action; Adventure; Comedy
23,Main Page,Masters of the Air,TV Show,Apple TV+ Original Series,https://is1-ssl.mzstatic.com/image/thumb/EBr0i1AUcUaIEg8TcqPNJw/225x338BDT.TVA23D01.webp,https://tv.apple.com/us/show/masters-of-the-air/umc.cmc.7bxcni0vwgll9kmicq738k5q2?ctx_proot=tahoma_searchlanding,1.75938E+12,Action; Drama; History
24,Main Page,Your Friends & Neighbors,TV Show,Apple TV+ Original Series,https://is1-ssl.mzstatic.com/image/thumb/aJ6EfGjIo7OpHR2998M_ag/225x338BDT.TVA23D01.webp,https://tv.apple.com/us/show/your-friends--neighbors/umc.cmc.74o37kzay0yuuub8iumddjsg?ctx_proot=tahoma_searchlanding,1.75938E+12,Drama
25,Main Page,Bad Sisters,TV Show,Apple TV+ Original Series,https://is1-ssl.mzstatic.com/image/thumb/SL62-OyzmretxKb6cXDXrQ/225x338BDT.TVA23D01.webp,https://tv.apple.com/us/show/bad-sisters/umc.cmc.14kr4vv65unannh7doqgvlh20?ctx_proot=tahoma_searchlanding,1.75938E+12,Comedy; Drama; Thriller
26,Apple Originals,The Morning Show,TV Show,Apple TV+ Original Series,https://is1-ssl.mzstatic.com/image/thumb/N4fzqVkhGqUYPL4Km2uasQ/225x338nr.webp,https://tv.apple.com/us/show/the-morning-show/umc.cmc.25tn3v8ku4b39tr6ccgb8nl6m,1.75938E+12,Drama
27,Apple Originals,Slow Horses,TV Show,Apple TV+ Original Series,https://is1-ssl.mzstatic.com/image/thumb/bArDzA292bd3Xk7rKhn42Q/225x338nr.webp,https://tv.apple.com/us/show/slow-horses/umc.cmc.2szz3fdt71tl1ulnbp8utgq5o,1.75938E+12,Drama; Thriller
28,Apple Originals,Platonic,TV Show,Apple TV+ Original Series,https://is1-ssl.mzstatic.com/image/thumb/sy3BDqFmJ1iospZk4xB_ow/225x338nr.webp,https://tv.apple.com/us/show/platonic/umc.cmc.y7bc18x7co813l8i2tlsyb4l,1.75938E+12,Comedy; Romance
29,Apple Originals,Invasion,TV Show,Apple TV+ Original Series,https://is1-ssl.mzstatic.com/image/thumb/ccP6rECH8LXO4gbKk9FpSQ/225x338nr.webp,https://tv.apple.com/us/show/invasion/umc.cmc.70b7z97fv7azfzn5baqnj88p6,1.75938E+12,Drama; Fantasy; Sci-Fi
30,Apple Originals,Ted Lasso,TV Show,Apple TV+ Original Series,https://is1-ssl.mzstatic.com/image/thumb/MEK-8GCPhPdtqifOJ_d8ag/225x338nr.webp,https://tv.apple.com/us/show/ted-lasso/umc.cmc.vtoh0mn0xn7t3c643xqonfzy,1.75938E+12,Comedy; Drama; Sport
31,Apple Originals,Chief of War,TV Show,Apple TV+ Original Series,https://is1-ssl.mzstatic.com/image/thumb/PikPwYpto47f43iEmewiBg/225x338nr.webp,https://tv.apple.com/us/show/chief-of-war/umc.cmc.6ag0zq020ielwv7m83v8r4dkw,1.75938E+12,Drama; History
32,Apple Originals,Foundation,TV Show,Apple TV+ Original Series,https://is1-ssl.mzstatic.com/image/thumb/4uR1q3YRSmx2qyTrRNUosg/225x338nr.webp,https://tv.apple.com/us/show/foundation/umc.cmc.5983fipzqbicvrve6jdfep4x3,1.75938E+12,Drama; Sci-Fi
33,Apple Originals,Severance,TV Show,Apple TV+ Original Series,https://is1-ssl.mzstatic.com/image/thumb/_705uGqVmFkkNIXfLCXHRw/225x338nr.webp,https://tv.apple.com/us/show/severance/umc.cmc.1srk2goyh2q2zdxcx605w8vtx,1.75938E+12,Drama; Mystery; Sci-Fi
34,Apple Originals,The Studio,TV Show,Apple TV+ Original Series,https://is1-ssl.mzstatic.com/image/thumb/IUeYwps2EAzS8Rpa9TLY3A/225x338nr.webp,https://tv.apple.com/us/show/the-studio/umc.cmc.7518algxc4lsoobtsx30dqb52,1.75938E+12,Comedy; Drama
35,Apple Originals,The Reluctant Traveler with Eugene Levy,TV Show,Apple TV+ Original Series,https://is1-ssl.mzstatic.com/image/thumb/ZgAHGC6TI9Iwy0x2VJRWCg/225x338nr.webp,https://tv.apple.com/us/show/the-reluctant-traveler-with-eugene-levy/umc.cmc.237ur6qdup9h826huv7jg25yu,1.75938E+12,Unknown
36,Apple Originals,All of You,Movie,Apple TV+ Original Film,https://is1-ssl.mzstatic.com/image/thumb/mMEwUE62pZBiFXHTxVCdyQ/225x338nr.webp,https://tv.apple.com/us/movie/all-of-you/umc.cmc.3hac5oqhh3gxiu35spyu8fanf,1.75938E+12,Drama
37,Apple Originals,Highest 2 Lowest,Movie,Apple TV+ Original Film,https://is1-ssl.mzstatic.com/image/thumb/c-jYogNND3BIyuISUXJ8_g/225x338nr.webp,https://tv.apple.com/us/movie/highest-2-lowest/umc.cmc.3rbg43tt2brl2cp5wwacfrmhx,1.75938E+12,Crime; Drama; Mystery
38,Apple Originals,"It’s the Great Pumpkin, Charlie Brown",Movie,Apple TV+ Original Film,https://is1-ssl.mzstatic.com/image/thumb/bIX-zqPE7D6wy67BG7fmsA/225x338nr.webp,https://tv.apple.com/us/movie/its-the-great-pumpkin-charlie-brown/umc.cmc.1c5nvp802hos5t3u0umlukkwh,1.75938E+12,Animation; Comedy; Family
39,Apple Originals,The Gorge,Movie,Apple TV+ Original Film,https://is1-ssl.mzstatic.com/image/thumb/atB16fDyA9l0RdfRsFXaMw/225x338nr.webp,https://tv.apple.com/us/movie/the-gorge/umc.cmc.26o403koqo2klixc0jtqy6tmc,1.75938E+12,Action; Adventure; Horror
40,Apple Originals,Sharper,Movie,Apple TV+ Original Film,https://is1-ssl.mzstatic.com/image/thumb/kAEyDZ1i6whCmIpcsqMH0A/225x338nr.webp,https://tv.apple.com/us/movie/sharper/umc.cmc.5ud0ivpwgqw2st0u4z73gwpar,1.75938E+12,Crime; Drama; Thriller
41,Apple Originals,Fountain of Youth,Movie,Apple TV+ Original Film,https://is1-ssl.mzstatic.com/image/thumb/IjAMAaawaFGrazHDEIZ2zg/225x338nr.webp,https://tv.apple.com/us/movie/fountain-of-youth/umc.cmc.z5xrwbjg3gergiowhrzg61tq,1.75938E+12,Action; Adventure; Fantasy
42,Apple Originals,A Summer Musical,Movie,Apple TV+ Original Film,https://is1-ssl.mzstatic.com/image/thumb/ecJf0V_9Hxwbm3f3uoRe_Q/225x338nr.webp,https://tv.apple.com/us/movie/a-summer-musical/umc.cmc.xesgxj0bt8yrrkrunae0wke7,1.75938E+12,Animation
43,Apple Originals,Greyhound,Movie,Apple TV+ Original Film,https://is1-ssl.mzstatic.com/image/thumb/PCMtP8sLZF39mh_BP3sJ2g/225x338nr.webp,https://tv.apple.com/us/movie/greyhound/umc.cmc.o5z5ztufuu3uv8lx7m0jcega,1.75938E+12,Drama; History; War
44,Apple Originals,Wolfs,Movie,Apple TV+ Original Film,https://is1-ssl.mzstatic.com/image/thumb/coNJnVeTxL037pEjt5hi2A/225x338nr.webp,https://tv.apple.com/us/movie/wolfs/umc.cmc.c3xhu25rw4jxxxzq4oio6snu,1.75938E+12,Crime; Thriller
45,Apple Originals,The Family Plan,Movie,Apple TV+ Original Film,https://is1-ssl.mzstatic.com/image/thumb/bPdjzNmz1np6iAajg7RYuQ/225x338nr.webp,https://tv.apple.com/us/movie/the-family-plan/umc.cmc.6o6y3wel2lez2tkdu2cv8dzd1,1.75938E+12,Action; Comedy
46,Apple Originals,The Morning Show,TV Show,Apple TV+ Original Series,https://is1-ssl.mzstatic.com/image/thumb/4KGZXesihYXmuAbbuD4ktw/225x338CA.TVA23C01.webp,https://tv.apple.com/us/show/the-morning-show/umc.cmc.25tn3v8ku4b39tr6ccgb8nl6m?ctx_at=5&ctx_brand=tvs.sbd.4000,1.75938E+12,Drama
47,Apple Originals,Slow Horses,TV Show,Apple TV+ Original Series,https://is1-ssl.mzstatic.com/image/thumb/eMxrWdvpuHqwJ2yF0we8CA/225x338CA.TVA23C01.webp,https://tv.apple.com/us/show/slow-horses/umc.cmc.2szz3fdt71tl1ulnbp8utgq5o?ctx_at=5&ctx_brand=tvs.sbd.4000,1.75938E+12,Drama; Thriller
48,Apple Originals,Invasion,TV Show,Apple TV+ Original Series,https://is1-ssl.mzstatic.com/image/thumb/2wL6Zx-FZzC9Xsqa3n0eDQ/225x338CA.TVA23C01.webp,https://tv.apple.com/us/show/invasion/umc.cmc.70b7z97fv7azfzn5baqnj88p6?ctx_at=5&ctx_brand=tvs.sbd.4000,1.75938E+12,Drama; Fantasy; Sci-Fi
49,Apple Originals,Chief of War,TV Show,Apple TV+ Original Series,https://is1-ssl.mzstatic.com/image/thumb/JVzsY3hidTp1h2FlE9RsYQ/225x338CA.TVA23C01.webp,https://tv.apple.com/us/show/chief-of-war/umc.cmc.6ag0zq020ielwv7m83v8r4dkw?ctx_at=5&ctx_brand=tvs.sbd.4000,1.75938E+12,Drama; History
50,Apple Originals,Foundation,TV Show,Apple TV+ Original Series,https://is1-ssl.mzstatic.com/image/thumb/f6-_3LzYjPrH9UVnGDsRqQ/225x338CA.TVA23C01.webp,https://tv.apple.com/us/show/foundation/umc.cmc.5983fipzqbicvrve6jdfep4x3?ctx_at=5&ctx_brand=tvs.sbd.4000,1.75938E+12,Drama; Sci-Fi
51,Apple Originals,Chief of War,TV Show,Apple TV+ Original Series,https://is1-ssl.mzstatic.com/image/thumb/JVzsY3hidTp1h2FlE9RsYQ/225x338CA.TVA23C01.webp,https://tv.apple.com/us/show/chief-of-war/umc.cmc.6ag0zq020ielwv7m83v8r4dkw?ctx_at=5%2C2&ctx_brand=tvs.sbd.4000,1.75938E+12,Drama; History
52,Apple Originals,The Wild Ones,TV Show,Apple TV+ Original Series,https://is1-ssl.mzstatic.com/image/thumb/SxeXFukTRHeOyTrrVoH8kA/225x338CA.TVA23C01.webp,https://tv.apple.com/us/show/the-wild-ones/umc.cmc.4w1tfn11hyb3frc9tp5fpksbb?ctx_at=5%2C2&ctx_brand=tvs.sbd.4000,1.75938E+12,Drama
53,Apple Originals,Invasion,TV Show,Apple TV+ Original Series,https://is1-ssl.mzstatic.com/image/thumb/2wL6Zx-FZzC9Xsqa3n0eDQ/225x338CA.TVA23C01.webp,https://tv.apple.com/us/show/invasion/umc.cmc.70b7z97fv7azfzn5baqnj88p6?ctx_at=5%2C2&ctx_brand=tvs.sbd.4000,1.75938E+12,Drama; Fantasy; Sci-Fi
54,Apple Originals,Stick,TV Show,Apple TV+ Original Series,https://is1-ssl.mzstatic.com/image/thumb/s6vUT8pFLehPwyEY2p5fyw/225x338CA.TVA23C01.webp,https://tv.apple.com/us/show/stick/umc.cmc.52w04zy67tiv11p8xvbc57wmc?ctx_at=5%2C2&ctx_brand=tvs.sbd.4000,1.75938E+12,Comedy; Sport
55,Apple Originals,A Summer Musical,Movie,Apple TV+ Original Film,https://is1-ssl.mzstatic.com/image/thumb/qUErlgPqzMRsEmkZRsDBdA/225x338CA.TVA23C01.webp,https://tv.apple.com/us/movie/a-summer-musical/umc.cmc.xesgxj0bt8yrrkrunae0wke7?ctx_at=5%2C2&ctx_brand=tvs.sbd.4000,1.75938E+12,Animation
56,Apple Originals,Platonic,TV Show,Apple TV+ Original Series,https://is1-ssl.mzstatic.com/image/thumb/V6Uu6Spjp2UP6l4cLVJHGQ/225x338CA.TVA23C01.webp,https://tv.apple.com/us/show/platonic/umc.cmc.y7bc18x7co813l8i2tlsyb4l?ctx_at=5%2C2&ctx_brand=tvs.sbd.4000,1.75938E+12,Comedy; Romance
57,Apple Originals,Murderbot,TV Show,Apple TV+ Original Series,https://is1-ssl.mzstatic.com/image/thumb/hjH_Xj8keb4733kuM4ANNQ/225x338CA.TVA23C01.webp,https://tv.apple.com/us/show/murderbot/umc.cmc.5owrzntj9v1gpg31wshflud03?ctx_at=5%2C2&ctx_brand=tvs.sbd.4000,1.75938E+12,Action; Comedy; Drama
58,Apple Originals,Highest 2 Lowest,Movie,Apple TV+ Original Film,https://is1-ssl.mzstatic.com/image/thumb/WwZd17QjUy4DdoJnvGTzDg/225x338CA.TVA23C01.webp,https://tv.apple.com/us/movie/highest-2-lowest/umc.cmc.3rbg43tt2brl2cp5wwacfrmhx?ctx_at=5%2C2&ctx_brand=tvs.sbd.4000,1.75938E+12,Crime; Drama; Mystery
59,Apple Originals,All of You,Movie,Apple TV+ Original Film,https://is1-ssl.mzstatic.com/image/thumb/jPXpJ77-vUXjYC89Zv_CUw/225x338CA.TVA23C01.webp,https://tv.apple.com/us/movie/all-of-you/umc.cmc.3hac5oqhh3gxiu35spyu8fanf?ctx_at=5%2C2&ctx_brand=tvs.sbd.4000,1.75938E+12,Drama
60,Apple Originals,Slow Horses,TV Show,Apple TV+ Original Series,https://is1-ssl.mzstatic.com/image/thumb/eMxrWdvpuHqwJ2yF0we8CA/225x338CA.TVA23C01.webp,https://tv.apple.com/us/show/slow-horses/umc.cmc.2szz3fdt71tl1ulnbp8utgq5o?ctx_at=5%2C2&ctx_brand=tvs.sbd.4000,1.75938E+12,Drama; Thriller
61,Apple Originals,The Lost Bus,Movie,Apple TV+ Original Film,https://is1-ssl.mzstatic.com/image/thumb/VAKdz1B4A4mC8fLyeqzQaA/225x338BDT.TVA23D01.webp,https://tv.apple.com/us/movie/the-lost-bus/umc.cmc.4p7gv4trt1rt0kuiwzmitibiv?ctx_at=9&ctx_brand=tvs.sbd.4000,1.75938E+12,Biography; Drama; History
62,Apple Originals,The Sisters Grimm,TV Show,Apple TV+ Original Series,https://is1-ssl.mzstatic.com/image/thumb/lod1TEg-LxqAaGNwgsX7Ug/225x338BDT.TVA23D01.webp,https://tv.apple.com/us/show/the-sisters-grimm/umc.cmc.2hc9ggvxaqddv779k4zupmrw?ctx_at=9&ctx_brand=tvs.sbd.4000,1.75938E+12,Unknown
63,Apple Originals,The Last Frontier,TV Show,Apple TV+ Original Series,https://is1-ssl.mzstatic.com/image/thumb/EalWDY5vQxy2QzTSjtWu5w/225x338BDT.TVA23D01.webp,https://tv.apple.com/us/show/the-last-frontier/umc.cmc.6kmzwhcm9cj30piuuiymr4u7m?ctx_at=9&ctx_brand=tvs.sbd.4000,1.75938E+12,Action; Drama; Thriller
64,Apple Originals,Knife Edge: Chasing Michelin Stars,TV Show,Apple TV+ Original Series,https://is1-ssl.mzstatic.com/image/thumb/2eyKCk7ma-iI8_RC_vkaNg/225x338BDT.TVA23D01.webp,https://tv.apple.com/us/show/knife-edge-chasing-michelin-stars/umc.cmc.2yhce9h11ctctdi23b29k1ek3?ctx_at=9&ctx_brand=tvs.sbd.4000,1.75938E+12,Documentary
65,Apple Originals,Loot,TV Show,Apple TV+ Original Series,https://is1-ssl.mzstatic.com/image/thumb/CdsHEc69hkCeyCMqyNe9Jw/225x338BDT.TVA23D01.webp,https://tv.apple.com/us/show/loot/umc.cmc.5erbujil1mpazuerhr1udnk45?ctx_brand=tvs.sbd.4000,1.75938E+12,Comedy
66,Apple Originals,Mr. Scorsese,TV Show,Apple TV+ Original Series,https://is1-ssl.mzstatic.com/image/thumb/opWwP3fGpI4lLkECDLZM4A/225x338BDT.TVA23D01.webp,https://tv.apple.com/us/show/mr-scorsese/umc.cmc.4a06j5lm5pxny9nx505zo5g0y?ctx_at=9&ctx_brand=tvs.sbd.4000,1.75938E+12,Documentary; Biography
67,Apple Originals,Stiller & Meara: Nothing Is Lost,Movie,Apple TV+ Original Film,https://is1-ssl.mzstatic.com/image/thumb/lGcFekobVBGLz7EU2Zu-ng/225x338BDT.TVA23D01.webp,https://tv.apple.com/us/movie/stiller--meara-nothing-is-lost/umc.cmc.1ercqbwn9nqrnbajqhf1v5kki?ctx_at=9&ctx_brand=tvs.sbd.4000,1.75938E+12,Documentary
68,Apple Originals,Down Cemetery Road,TV Show,Apple TV+ Original Series,https://is1-ssl.mzstatic.com/image/thumb/X77qkDw6XCKgN7y1uRNhzA/225x338BDT.TVA23D01.webp,https://tv.apple.com/us/show/down-cemetery-road/umc.cmc.3i55uxosnfpzw7rw1q525iksh?ctx_at=9&ctx_brand=tvs.sbd.4000,1.75938E+12,Thriller
69,Apple Originals,Pluribus,TV Show,Apple TV+ Original Series,https://is1-ssl.mzstatic.com/image/thumb/__778Ajttvk3q6ofqmnEWg/225x338BDT.TVA23D01.webp,https://tv.apple.com/us/show/pluribus/umc.cmc.37axgovs2yozlyh3c2cmwzlza?ctx_at=9&ctx_brand=tvs.sbd.4000,1.75938E+12,Drama; Sci-Fi
70,Apple Originals,Palm Royale,TV Show,Apple TV+ Original Series,https://is1-ssl.mzstatic.com/image/thumb/6ceLZHjWDx6QBE9cxT6PAA/225x338BDT.TVA23D01.webp,https://tv.apple.com/us/show/palm-royale/umc.cmc.6vwg3ce7ovsexa3a6r7f6qk49?ctx_brand=tvs.sbd.4000,1.75938E+12,Comedy; Drama
71,Apple Originals,Severance,TV Show,Apple TV+ Original Series,https://is1-ssl.mzstatic.com/image/thumb/riGjghvVxqtl03XUkNhhRQ/225x338CA.TVA23C01.webp,https://tv.apple.com/us/show/severance/umc.cmc.1srk2goyh2q2zdxcx605w8vtx?ctx_brand=tvs.sbd.4000,1.75938E+12,Drama; Mystery; Sci-Fi
72,Apple Originals,Shrinking,TV Show,Apple TV+ Original Series,https://is1-ssl.mzstatic.com/image/thumb/4dsCfZpMhDpw5KHjj80yXQ/225x338CA.TVA23C01.webp,https://tv.apple.com/us/show/shrinking/umc.cmc.apzybj6eqf6pzccd97kev7bs?ctx_brand=tvs.sbd.4000,1.75938E+12,Comedy; Drama
73,Apple Originals,Silo,TV Show,Apple TV+ Original Series,https://is1-ssl.mzstatic.com/image/thumb/lCKm7h2CkgPXuUNHVe9aYg/225x338CA.TVA23C01.webp,https://tv.apple.com/us/show/silo/umc.cmc.3yksgc857px0k0rqe5zd4jice?ctx_brand=tvs.sbd.4000,1.75938E+12,Drama; Mystery; Sci-Fi
74,Apple Originals,Greyhound,Movie,Apple TV+ Original Film,https://is1-ssl.mzstatic.com/image/thumb/T6OSQkpv4NKBMD54tI43IQ/225x338CA.TVA23C01.webp,https://tv.apple.com/us/movie/greyhound/umc.cmc.o5z5ztufuu3uv8lx7m0jcega?ctx_brand=tvs.sbd.4000,1.75938E+12,Drama; History; War
75,Apple Originals,See,TV Show,Apple TV+ Original Series,https://is1-ssl.mzstatic.com/image/thumb/MgWNHSAljrvZgQ6Pzsdc5Q/225x338CA.TVA23C01.webp,https://tv.apple.com/us/show/see/umc.cmc.3s4mgg2y7h95fks9gnc4pw13m?ctx_brand=tvs.sbd.4000,1.75938E+12,Action; Drama; Sci-Fi
76,Apple Originals,Your Friends & Neighbors,TV Show,Apple TV+ Original Series,https://is1-ssl.mzstatic.com/image/thumb/JGOSv9txmKFTLI7okunjAw/225x338CA.TVA23C01.webp,https://tv.apple.com/us/show/your-friends--neighbors/umc.cmc.74o37kzay0yuuub8iumddjsg?ctx_brand=tvs.sbd.4000,1.75938E+12,Drama
77,Apple Originals,The Family Plan,Movie,Apple TV+ Original Film,https://is1-ssl.mzstatic.com/image/thumb/46m4YgQ5AdXm0ooMeMynnw/225x338CA.TVA23C01.webp,https://tv.apple.com/us/movie/the-family-plan/umc.cmc.6o6y3wel2lez2tkdu2cv8dzd1?ctx_brand=tvs.sbd.4000,1.75938E+12,Action; Comedy
78,Apple Originals,Ted Lasso,TV Show,Apple TV+ Original Series,https://is1-ssl.mzstatic.com/image/thumb/FEowgLUWj_VXg7-Pl9QSNA/225x338CA.TVA23C01.webp,https://tv.apple.com/us/show/ted-lasso/umc.cmc.vtoh0mn0xn7t3c643xqonfzy?ctx_brand=tvs.sbd.4000,1.75938E+12,Comedy; Drama; Sport
79,Apple Originals,The Morning Show,TV Show,Apple TV+ Original Series,https://is1-ssl.mzstatic.com/image/thumb/4KGZXesihYXmuAbbuD4ktw/225x338CA.TVA23C01.webp,https://tv.apple.com/us/show/the-morning-show/umc.cmc.25tn3v8ku4b39tr6ccgb8nl6m?ctx_brand=tvs.sbd.4000,1.75938E+12,Drama
80,Apple Originals,Slow Horses,TV Show,Apple TV+ Original Series,https://is1-ssl.mzstatic.com/image/thumb/eMxrWdvpuHqwJ2yF0we8CA/225x338CA.TVA23C01.webp,https://tv.apple.com/us/show/slow-horses/umc.cmc.2szz3fdt71tl1ulnbp8utgq5o?ctx_brand=tvs.sbd.4000,1.75938E+12,Drama; Thriller
81,Ted Lasso,Pilot,Episode,TV Episode,https://is1-ssl.mzstatic.com/image/thumb/KUHNbRlOS9fgkH6c6fPzyQ/580x466KF.TVALC02.webp?color=70513D&style=l,https://tv.apple.com/us/episode/pilot/umc.cmc.zb0yksqtym68hasbq8mj4jwp?showId=umc.cmc.vtoh0mn0xn7t3c643xqonfzy,1.75938E+12,Comedy
82,Ted Lasso,Biscuits,Episode,TV Episode,https://is1-ssl.mzstatic.com/image/thumb/GLMDjO768_3vMGe5ThO7JA/580x466KF.TVALC02.webp?color=2F1A15&style=l,https://tv.apple.com/us/episode/biscuits/umc.cmc.45cu44369hb2qfuwr3fihnr8e?showId=umc.cmc.vtoh0mn0xn7t3c643xqonfzy,1.75938E+12,Short; Comedy
83,Ted Lasso,Trent Crimm: The Independent,Episode,TV Episode,https://is1-ssl.mzstatic.com/image/thumb/FXw-Sl8LWIOM2_QurV9O9A/580x466KF.TVALC02.webp?color=231804&style=l,https://tv.apple.com/us/episode/trent-crimm-the-independent/umc.cmc.e2jl6wwe6j3g6kxim23lx0u6?showId=umc.cmc.vtoh0mn0xn7t3c643xqonfzy,1.75938E+12,Unknown
84,Ted Lasso,For the Children,Episode,TV Episode,https://is1-ssl.mzstatic.com/image/thumb/wDWmei1l4wO5F0Rif_WTtg/580x466KF.TVALC02.webp?color=2B1A22&style=l,https://tv.apple.com/us/episode/for-the-children/umc.cmc.1yrp6wxccxrfldde8sni6pold?showId=umc.cmc.vtoh0mn0xn7t3c643xqonfzy,1.75938E+12,Short; Comedy
85,Ted Lasso,Tan Lines,Episode,TV Episode,https://is1-ssl.mzstatic.com/image/thumb/oSjGhN8-7NhXnjYUFvhgZQ/580x466KF.TVALC02.webp?color=1C130C&style=l,https://tv.apple.com/us/episode/tan-lines/umc.cmc.21roantvdf68j0twf412rnfmx?showId=umc.cmc.vtoh0mn0xn7t3c643xqonfzy,1.75938E+12,Drama; Romance
86,Ted Lasso,Two Aces,Episode,TV Episode,https://is1-ssl.mzstatic.com/image/thumb/X4MkDp7-RcI9_JwXPE9HAg/580x466KF.TVALC02.webp?color=B0202A&style=l,https://tv.apple.com/us/episode/two-aces/umc.cmc.670xfbs4addfycxkk3vvojea7?showId=umc.cmc.vtoh0mn0xn7t3c643xqonfzy,1.75938E+12,Short; Crime; Thriller
87,Ted Lasso,Stick,TV Show,Apple TV+ Original Series,https://is1-ssl.mzstatic.com/image/thumb/s6vUT8pFLehPwyEY2p5fyw/225x338CA.TVA23C01.webp,https://tv.apple.com/us/show/stick/umc.cmc.52w04zy67tiv11p8xvbc57wmc,1.75938E+12,Comedy; Sport
88,Ted Lasso,Shrinking,TV Show,Apple TV+ Original Series,https://is1-ssl.mzstatic.com/image/thumb/4dsCfZpMhDpw5KHjj80yXQ/225x338CA.TVA23C01.webp,https://tv.apple.com/us/show/shrinking/umc.cmc.apzybj6eqf6pzccd97kev7bs,1.75938E+12,Comedy; Drama
89,Ted Lasso,Loot,TV Show,Apple TV+ Original Series,https://is1-ssl.mzstatic.com/image/thumb/Kblx0feDWq_vFtE3JS_50Q/225x338CA.TVA23C01.webp,https://tv.apple.com/us/show/loot/umc.cmc.5erbujil1mpazuerhr1udnk45,1.75938E+12,Comedy
90,Ted Lasso,Mythic Quest,TV Show,Apple TV+ Original Series,https://is1-ssl.mzstatic.com/image/thumb/noa8lwo-YFcLlKLnTwoJAg/225x338CA.TVA23C01.webp,https://tv.apple.com/us/show/mythic-quest/umc.cmc.1nfdfd5zlk05fo1bwwetzldy3,1.75938E+12,Comedy
91,Ted Lasso,Trying,TV Show,Apple TV+ Original Series,https://is1-ssl.mzstatic.com/image/thumb/O4hcOHufQaq3NUDAgYTVoA/225x338CA.TVA23C01.webp,https://tv.apple.com/us/show/trying/umc.cmc.6muy4la7lj1omu5nci4bt2m66,1.75938E+12,Comedy; Drama; Romance
92,Ted Lasso,Abbott Elementary,TV Show,Apple TV+ Original Series,https://is1-ssl.mzstatic.com/image/thumb/wB21aTvxkwp-fHPQmyLM-w/225x338CA.TVA23C01.webp,https://tv.apple.com/us/show/abbott-elementary/umc.cmc.4yajt40knug1iwx1l9hrjxkxy,1.75938E+12,Comedy
93,Ted Lasso,Parks and Recreation,TV Show,Apple TV+ Original Series,https://is1-ssl.mzstatic.com/image/thumb/Video221/v4/78/71/92/787192a4-bfe4-76ce-70ce-7298302e1b2a/nbc_parks-and-recreation_complete_series_keyart_72-dpi_2000-x-3000_2-3.jpg/225x338CA.TVA23C01.webp,https://tv.apple.com/us/show/parks-and-recreation/umc.cmc.4rhzbt3nmsycvgt4nilhbuyae,1.75938E+12,Comedy
94,Ted Lasso,Welcome to Wrexham,TV Show,Apple TV+ Original Series,https://is1-ssl.mzstatic.com/image/thumb/Video221/v4/1a/33/61/1a3361f9-a408-5ec1-b090-d6dfde860a43/WTW_s4_2000x3000.jpg/225x338CA.TVA23C01.webp,https://tv.apple.com/us/show/welcome-to-wrexham/umc.cmc.495dp3a7hm9r832kl4z41z1zi,1.75938E+12,Documentary; Reality-TV; Sport
95,Foundation,The Emperor’s Peace,Episode,TV Episode,https://is1-ssl.mzstatic.com/image/thumb/nPVqAqCmnABmGDk8YXidgA/580x466KF.TVALC02.webp?color=1D1719&style=l,https://tv.apple.com/us/episode/the-emperors-peace/umc.cmc.74vnbednu4gmixy6d5imxxqs5?showId=umc.cmc.5983fipzqbicvrve6jdfep4x3,1.75938E+12,Unknown
96,Foundation,Preparing to Live,Episode,TV Episode,https://is1-ssl.mzstatic.com/image/thumb/S-RshnOWAbUZnVSOmT-wNw/580x466KF.TVALC02.webp?color=101619&style=l,https://tv.apple.com/us/episode/preparing-to-live/umc.cmc.12ibmbmz39qv1p882hca0qdah?showId=umc.cmc.5983fipzqbicvrve6jdfep4x3,1.75938E+12,Unknown
97,Foundation,The Mathematician’s Ghost,Episode,TV Episode,https://is1-ssl.mzstatic.com/image/thumb/1tDYp-sMsAKTIwdWhpB6Zw/580x466KF.TVALC02.webp?color=A2B0B5&style=l,https://tv.apple.com/us/episode/the-mathematicians-ghost/umc.cmc.1yecs6kkutuqj5veglmtiwc3f?showId=umc.cmc.5983fipzqbicvrve6jdfep4x3,1.75938E+12,Unknown
98,Foundation,Barbarians at the Gate,Episode,TV Episode,https://is1-ssl.mzstatic.com/image/thumb/rMa5eHbRi2zWd0IykyBjcA/580x466KF.TVALC02.webp?color=040303&style=l,https://tv.apple.com/us/episode/barbarians-at-the-gate/umc.cmc.fr0jg64sqalgd1gfzfyvhzoz?showId=umc.cmc.5983fipzqbicvrve6jdfep4x3,1.75938E+12,Biography; Comedy; Drama
99,Foundation,Upon Awakening,Episode,TV Episode,https://is1-ssl.mzstatic.com/image/thumb/R5gsmnTBGZHQ5cxC1d17Aw/580x466KF.TVALC02.webp?color=201C1D&style=l,https://tv.apple.com/us/episode/upon-awakening/umc.cmc.2iik0gpp9pmz5z44tymrr52hc?showId=umc.cmc.5983fipzqbicvrve6jdfep4x3,1.75938E+12,Unknown
100,Foundation,Death and the Maiden,Episode,TV Episode,https://is1-ssl.mzstatic.com/image/thumb/IhoZdRh5_H8tM1s2SDwylg/580x466KF.TVALC02.webp?color=B8D2D2&style=l,https://tv.apple.com/us/episode/death-and-the-maiden/umc.cmc.6aks790jbw3s3ynox8wwsc523?showId=umc.cmc.5983fipzqbicvrve6jdfep4x3,1.75938E+12,Drama; Mystery; Thriller
101,Foundation,See,TV Show,Apple TV+ Original Series,https://is1-ssl.mzstatic.com/image/thumb/MgWNHSAljrvZgQ6Pzsdc5Q/225x338CA.TVA23C01.webp,https://tv.apple.com/us/show/see/umc.cmc.3s4mgg2y7h95fks9gnc4pw13m,1.75938E+12,Action; Drama; Sci-Fi
102,Foundation,Silo,TV Show,Apple TV+ Original Series,https://is1-ssl.mzstatic.com/image/thumb/lCKm7h2CkgPXuUNHVe9aYg/225x338CA.TVA23C01.webp,https://tv.apple.com/us/show/silo/umc.cmc.3yksgc857px0k0rqe5zd4jice,1.75938E+12,Drama; Mystery; Sci-Fi
103,Foundation,Murderbot,TV Show,Apple TV+ Original Series,https://is1-ssl.mzstatic.com/image/thumb/hjH_Xj8keb4733kuM4ANNQ/225x338CA.TVA23C01.webp,https://tv.apple.com/us/show/murderbot/umc.cmc.5owrzntj9v1gpg31wshflud03,1.75938E+12,Action; Comedy; Drama
104,Foundation,For All Mankind,TV Show,Apple TV+ Original Series,https://is1-ssl.mzstatic.com/image/thumb/Yf0xsVvEGa7iaqCXYIkZiQ/225x338CA.TVA23C01.webp,https://tv.apple.com/us/show/for-all-mankind/umc.cmc.6wsi780sz5tdbqcf11k76mkp7,1.75938E+12,Drama; Sci-Fi
105,Foundation,Dark Matter,TV Show,Apple TV+ Original Series,https://is1-ssl.mzstatic.com/image/thumb/fIHC5cl4X1iDg2wBhxldQg/225x338CA.TVA23C01.webp,https://tv.apple.com/us/show/dark-matter/umc.cmc.4luj45vtqpmjsvb6sc2675oeg,1.75938E+12,Drama; Sci-Fi; Thriller
106,Foundation,Dune: Part Two,Movie,Apple TV+ Original Film,https://is1-ssl.mzstatic.com/image/thumb/Video221/v4/71/a8/31/71a8312e-a20a-29b2-af70-5cab08908657/aca7621e-74e7-419a-96cd-5aaff99fb0cc_DUNE_PART2_V_DD_KA_TT_2000x3000_300dpi_EN-srgb.lsr/225x338CA.TVA23C01.webp,https://tv.apple.com/us/movie/dune-part-two/umc.cmc.363aycnv6vy9qgekvew6fveb9,1.75938E+12,Action; Adventure; Drama
107,Foundation,Monarch: Legacy of Monsters,TV Show,Apple TV+ Original Series,https://is1-ssl.mzstatic.com/image/thumb/uoNWkaIFiCDZhFtoaF9zAg/225x338CA.TVA23C01.webp,https://tv.apple.com/us/show/monarch-legacy-of-monsters/umc.cmc.62l8x0ixrhyq3yaqa5y8yo7ew,1.75938E+12,Action; Adventure; Sci-Fi
108,Foundation,Dune,Movie,Apple TV+ Original Film,https://is1-ssl.mzstatic.com/image/thumb/Video116/v4/15/53/b9/1553b93b-25b7-cbed-eff5-34d8efe8e09a/pr_source.lsr/225x338CA.TVA23C01.webp,https://tv.apple.com/us/movie/dune/umc.cmc.2l7qj9p33t3jww1roxi8cgiw5,1.75938E+12,Action; Adventure; Sci-Fi
109,Foundation,Dune: Prophecy,TV Show,Apple TV+ Original Series,https://is1-ssl.mzstatic.com/image/thumb/C7BomMckvhId6M-xQtd8cQ/225x338CA.TVA23C01.webp,https://tv.apple.com/us/show/dune-prophecy/umc.cmc.3sml9g0o2gvb6kodwiiykpdii,1.75938E+12,Action; Adventure; Drama
110,Severance,Good News About Hell,Episode,TV Episode,https://is1-ssl.mzstatic.com/image/thumb/nJIcm0Q2C3IxB5JYf9w8mg/580x466KF.TVALC02.webp?color=ABB9BB&style=l,https://tv.apple.com/us/episode/good-news-about-hell/umc.cmc.s80mx1ic96pu6ewupz8pfasf?showId=umc.cmc.1srk2goyh2q2zdxcx605w8vtx,1.75938E+12,Unknown
111,Severance,Half Loop,Episode,TV Episode,https://is1-ssl.mzstatic.com/image/thumb/MLEnUjQIU0JZyzsk-Unm0A/580x466KF.TVALC02.webp?color=E2EBEA&style=l,https://tv.apple.com/us/episode/half-loop/umc.cmc.23qox5n6larygqgg6u74fvyj?showId=umc.cmc.1srk2goyh2q2zdxcx605w8vtx,1.75938E+12,Unknown
112,Severance,In Perpetuity,Episode,TV Episode,https://is1-ssl.mzstatic.com/image/thumb/FNgZ32eROSB3rV8jJe6vKQ/580x466KF.TVALC02.webp?color=848D93&style=l,https://tv.apple.com/us/episode/in-perpetuity/umc.cmc.4ck3lvf4abzoh8mhcvfixxfok?showId=umc.cmc.1srk2goyh2q2zdxcx605w8vtx,1.75938E+12,Short
113,Severance,The You You Are,Episode,TV Episode,https://is1-ssl.mzstatic.com/image/thumb/pSU3X-9rEvrBw6yxOv-A_g/580x466KF.TVALC02.webp?color=141919&style=l,https://tv.apple.com/us/episode/the-you-you-are/umc.cmc.2juexqckb67v0zn5e6vrcgdua?showId=umc.cmc.1srk2goyh2q2zdxcx605w8vtx,1.75938E+12,Unknown
114,Severance,The Grim Barbarity Of Optics and Design,Episode,TV Episode,https://is1-ssl.mzstatic.com/image/thumb/O6uni5z7w8Q4FYixISz0tQ/580x466KF.TVALC02.webp?color=323737&style=l,https://tv.apple.com/us/episode/the-grim-barbarity-of-optics-and-design/umc.cmc.2p44dud00b3x466a7i98sogw3?showId=umc.cmc.1srk2goyh2q2zdxcx605w8vtx,1.75938E+12,Unknown
115,Severance,Hide and Seek,Episode,TV Episode,https://is1-ssl.mzstatic.com/image/thumb/o8bGSURob7b5GuD8xVMAXA/580x466KF.TVALC02.webp?color=E4E8ED&style=l,https://tv.apple.com/us/episode/hide-and-seek/umc.cmc.qt72g1q6z8l5pq5dxe3fp879?showId=umc.cmc.1srk2goyh2q2zdxcx605w8vtx,1.75938E+12,Horror; Mystery
116,Severance,Sunny,TV Show,Apple TV+ Original Series,https://is1-ssl.mzstatic.com/image/thumb/buYZpEIYIHSuSTf8s-52pw/225x338CA.TVA23C01.webp,https://tv.apple.com/us/show/sunny/umc.cmc.7c5t9dde8dxoaxwyl5rkuw38p,1.75938E+12,Comedy; Drama; Mystery
117,Severance,Constellation,TV Show,Apple TV+ Original Series,https://is1-ssl.mzstatic.com/image/thumb/0-diqvP3ascoxa9-MSWZTQ/225x338CA.TVA23C01.webp,https://tv.apple.com/us/show/constellation/umc.cmc.3lvo8a7ezxpysdy3gou3fsns0,1.75938E+12,Sci-Fi; Thriller
118,Severance,Sugar,TV Show,Apple TV+ Original Series,https://is1-ssl.mzstatic.com/image/thumb/y0pYO1-BQlp9srTkfUHYkg/225x338CA.TVA23C01.webp,https://tv.apple.com/us/show/sugar/umc.cmc.4r6q7tdquewehwvb3rzl0k3dt,1.75938E+12,Crime; Drama; Mystery
119,Severance,Your Friends & Neighbors,TV Show,Apple TV+ Original Series,https://is1-ssl.mzstatic.com/image/thumb/JGOSv9txmKFTLI7okunjAw/225x338CA.TVA23C01.webp,https://tv.apple.com/us/show/your-friends--neighbors/umc.cmc.74o37kzay0yuuub8iumddjsg,1.75938E+12,Drama
120,Severance,Devs,TV Show,Apple TV+ Original Series,https://is1-ssl.mzstatic.com/image/thumb/RHrJXxy9LYoaEBo7pfnaNQ/225x338CA.TVA23C01.webp,https://tv.apple.com/us/show/devs/umc.cmc.ggsldeofp8msuxqwfw7gevbd,1.75938E+12,Drama; Mystery; Sci-Fi
121,The Morning Show,In the Dark Night of the Soul It’s Always 3:30 in the Morning,Episode,TV Episode,https://is1-ssl.mzstatic.com/image/thumb/2gFp9MS6BGB3a_H86W-C8Q/580x466KF.TVALC02.webp?color=252018&style=l,https://tv.apple.com/us/episode/in-the-dark-night-of-the-soul-its-always-330-in-the-morning/umc.cmc.1rat4b7sugk86431sdqrsb64q?showId=umc.cmc.25tn3v8ku4b39tr6ccgb8nl6m,1.75938E+12,Unknown
122,The Morning Show,A Seat at the Table,Episode,TV Episode,https://is1-ssl.mzstatic.com/image/thumb/QD0dOd4cvGFgZ_A8atFxNQ/580x466KF.TVALC02.webp?color=030309&style=l,https://tv.apple.com/us/episode/a-seat-at-the-table/umc.cmc.5jf1zu7r5btj7jjbjo7jsr4jg?showId=umc.cmc.25tn3v8ku4b39tr6ccgb8nl6m,1.75938E+12,Documentary
123,The Morning Show,Chaos is the New Cocaine,Episode,TV Episode,https://is1-ssl.mzstatic.com/image/thumb/R_1IPG6JxeMIABc3GNEYEA/580x466KF.TVALC02.webp?color=201006&style=l,https://tv.apple.com/us/episode/chaos-is-the-new-cocaine/umc.cmc.46jj9umm1yreelsiofqjuc1ym?showId=umc.cmc.25tn3v8ku4b39tr6ccgb8nl6m,1.75938E+12,Unknown
124,The Morning Show,That Woman,Episode,TV Episode,https://is1-ssl.mzstatic.com/image/thumb/bp7tMEP883fjBbk1wLF7LA/580x466KF.TVALC02.webp?color=111D20&style=l,https://tv.apple.com/us/episode/that-woman/umc.cmc.9lurme2pu4stlj61qf6wul4k?showId=umc.cmc.25tn3v8ku4b39tr6ccgb8nl6m,1.75938E+12,Comedy; Drama
125,The Morning Show,"No One’s Gonna Harm You, Not While I’m Around",Episode,TV Episode,https://is1-ssl.mzstatic.com/image/thumb/PzWlpvM2k49iQgU96tY7GA/580x466KF.TVALC02.webp?color=14181A&style=l,https://tv.apple.com/us/episode/no-ones-gonna-harm-you-not-while-im-around/umc.cmc.2nkd2e01l1zo445kvmhmocy8l?showId=umc.cmc.25tn3v8ku4b39tr6ccgb8nl6m,1.75938E+12,Unknown
126,The Morning Show,The Pendulum Swings,Episode,TV Episode,https://is1-ssl.mzstatic.com/image/thumb/zARe6jf6FR2V3IRvKwYLXw/580x466KF.TVALC02.webp?color=997A60&style=l,https://tv.apple.com/us/episode/the-pendulum-swings/umc.cmc.6f1j36u80w2ab3b50o8ghaftg?showId=umc.cmc.25tn3v8ku4b39tr6ccgb8nl6m,1.75938E+12,Unknown
127,The Morning Show,Disclaimer,TV Show,Apple TV+ Original Series,https://is1-ssl.mzstatic.com/image/thumb/q0Vv5A1DJKYujsypzx3veA/225x338CA.TVA23C01.webp,https://tv.apple.com/us/show/disclaimer/umc.cmc.1cbgkx1fenkjtrha0n1a6fkc3,1.75938E+12,Drama; Mystery; Thriller
128,The Morning Show,Lessons in Chemistry,TV Show,Apple TV+ Original Series,https://is1-ssl.mzstatic.com/image/thumb/eiwfbzTW1_LKMJrNfaeGsw/225x338CA.TVA23C01.webp,https://tv.apple.com/us/show/lessons-in-chemistry/umc.cmc.40yycssgxelw4zur8m2ilmvyx,1.75938E+12,Drama
129,The Morning Show,WeCrashed,TV Show,Apple TV+ Original Series,https://is1-ssl.mzstatic.com/image/thumb/36saoVwp9yUPagK9m6rL8A/225x338CA.TVA23C01.webp,https://tv.apple.com/us/show/wecrashed/umc.cmc.6qw605uv2rwbzutk2p2fsgvq9,1.75938E+12,Biography; Drama
130,The Morning Show,Bombshell,Movie,Apple TV+ Original Film,https://is1-ssl.mzstatic.com/image/thumb/Video124/v4/aa/19/ba/aa19ba68-634c-db88-08d5-6757fd1a223e/pr_source.lsr/225x338CA.TVA23C01.webp,https://tv.apple.com/us/movie/bombshell/umc.cmc.2uunlo60ktcsfrer8q65hrqni,1.75938E+12,Biography; Drama
131,The Morning Show,The Loudest Voice,TV Show,Apple TV+ Original Series,https://is1-ssl.mzstatic.com/image/thumb/Video211/v4/ca/c6/34/cac63470-1ad1-0500-3a4d-d6417040658d/iTunes_TheLoudestVoice_2000x3000.jpg/225x338CA.TVA23C01.webp,https://tv.apple.com/us/show/the-loudest-voice/umc.cmc.r7wtgdpqr72ba01jo70hso3x,1.75938E+12,Biography; Drama
132,The Morning Show,Succession,TV Show,Apple TV+ Original Series,https://is1-ssl.mzstatic.com/image/thumb/Video221/v4/87/85/39/8785393f-2352-bdbe-0f61-2173d654e68e/Succession_Season_4_EN_2000x3000.jpg/225x338CA.TVA23C01.webp,https://tv.apple.com/us/show/succession/umc.cmc.3trf3c8kzd8m4w72c9q8dwjqe,1.75938E+12,Comedy; Drama
133,The Morning Show,The Good Fight,TV Show,Apple TV+ Original Series,https://is1-ssl.mzstatic.com/image/thumb/Video221/v4/5e/09/46/5e0946dc-2491-952f-5311-93ecfbed97ec/TGF-S05-KA-2000x3000.jpg/225x338CA.TVA23C01.webp,https://tv.apple.com/us/show/the-good-fight/umc.cmc.25ny5ggwpzivvhs7otnx9r11r,1.75938E+12,Crime; Drama
134,The Morning Show,The Good Wife,TV Show,Apple TV+ Original Series,https://is1-ssl.mzstatic.com/image/thumb/Video211/v4/60/6a/73/606a7327-204b-e1a3-83c0-e587383332c8/GWF-S07-KA-2000x3000.jpg/225x338CA.TVA23C01.webp,https://tv.apple.com/us/show/the-good-wife/umc.cmc.5ac3g1a14ep4032yihtkw6rck,1.75938E+12,Crime; Drama; Mystery
135,MLS Season Pass,Moments in History: Episode 2,Episode,TV Episode,https://is1-ssl.mzstatic.com/image/thumb/JeQBGnQJLgvGhq91EIefDw/580x386KF.TVALC02.webp?color=060706&style=m,https://tv.apple.com/us/episode/moments-in-history-episode-2/umc.cmc.8gnrppg15yw3dzkp63fh9vie?showId=umc.cmc.72omvz46kupmbwcy5pgkledkr&ctx_brand=tvs.sbd.7000,1.75938E+12,Unknown
136,MLS Season Pass,Cascadia Kings,Episode,TV Episode,https://is1-ssl.mzstatic.com/image/thumb/d8rJJTflUBz3JmxSL1YQGg/580x386KF.TVALC02.webp?color=C6E2FF&style=m,https://tv.apple.com/us/episode/cascadia-kings/umc.cmc.304ea1cnpc83rqmk6f402kdej?showId=umc.cmc.y9xlm3v1u1gzo13ptxkln4p2&ctx_brand=tvs.sbd.7000,1.75938E+12,Unknown
137,MLS Season Pass,"SEA vs. POR, 4.5.14",Episode,TV Episode,https://is1-ssl.mzstatic.com/image/thumb/64Dq6LB21oE4ZVFa0cQ77g/580x386KF.TVALC02.webp?color=98AD72&style=m,https://tv.apple.com/us/episode/sea-vs-por-4514/umc.cmc.1w6iil8j7gqo8gtpgoiovmq40?showId=umc.cmc.147y9mnwbr6144tsnpo6vy6ov&ctx_brand=tvs.sbd.7000,1.75938E+12,Unknown
138,MLS Season Pass,"SEA vs. POR, 11.8.18",Episode,TV Episode,https://is1-ssl.mzstatic.com/image/thumb/W3-3AaIlTcz6GfC7r0dGFQ/580x386KF.TVALC02.webp?color=554D3A&style=m,https://tv.apple.com/us/episode/sea-vs-por-11818/umc.cmc.4zi15y9adeimtr2ryyomdb8u?showId=umc.cmc.147y9mnwbr6144tsnpo6vy6ov&ctx_brand=tvs.sbd.7000,1.75938E+12,Unknown
