CollectionName,Title,Duration,Release Date,Genre,Director,Starring,Rating,Description,ImageURL,Genre
"Featured","Zombies 4: Dawn of the Vampires","1h 28m","2025","Coming of Age | Science Fiction | Musicals | Fantasy","Paul Hoen","Milo Manheim | Meg Donnelly | Kylee Russell | Chandler Kinney | Malachi Barton | Freya Skye","TV-G","In the first three “ZOMBIES” movies, Zed and Addison brought human and monsterkind together in their hometown of Seabrook. Now, a new adventure dawns for the duo when their summer road trip takes an unexpected detour, landing them in the middle of yet another monster rivalry: Daywalkers vs. Vampires. Tensions flare when Zed and Addison find themselves acting as camp counselors between the two opposing supernatural factions. With the help of Eliza and Willa, they must convince sworn enemies Nova and Victor to try to unite their warring worlds before an even greater threat endangers them all.","https://disney.images.edge.bamgrid.com/ripcut-delivery/v2/variant/disney/0158cf31-007a-4ea9-8354-3c52fda3852a/compose",Coming of Age | Science Fiction | Musicals | Fantasy
"Featured","""Rotten to the Core"" (Sing-Along) | Descendants Music Video","2m","2020","Music | Fantasy","","","TV-G","Mirror, mirror on the wall, who's the baddest of them all? Dance into a wicked world with ""Rotten to the Core,"" the mischievous single performed by Dove Cameron, Cameron Boyce, Booboo Stewart, and Sofia Carson! Who could ask for more?","https://disney.images.edge.bamgrid.com/ripcut-delivery/v2/variant/disney/367d2af3-7aa3-4898-96ec-5b93c1208c2c/compose",Music | Fantasy
"Featured","Theme Song Takeover","","2019 - 2024","Anthology | Comedy | Music | Animation","","","TV-Y7","Your favorite characters hijack their shows to perform delightful covers of theme songs they have no business singing!","https://disney.images.edge.bamgrid.com/ripcut-delivery/v2/variant/disney/ace67e56-251a-40c5-a4da-9eaedc889988/compose",Anthology | Comedy | Music | Animation
"Featured","Miraculous: Tales Of Ladybug & Cat Noir (Webisodes)","","2017 - 2018","Action and Adventure | Heroes | Animation | Romance | Fantasy","","Cristina Vee | Bryce Papenbrook | Keith Silverstein | Mela Lee | Max Mittelman | Carrie Keranen","TV-Y7","Marinette tells her diary about the adventurous life she lives with her friends!","https://disney.images.edge.bamgrid.com/ripcut-delivery/v2/variant/disney/368b90bd-c871-44b6-ae41-2ed642d1b1ee/compose",Action and Adventure | Heroes | Animation | Romance | Fantasy
"Featured","Kiff","","2023 - 2025","Buddy | Comedy | Animation | Fantasy","","Kimiko Glenn | H Michael Croner | Nic Smal | James Monroe Iglehart | Lauren Ash | Deedee Magno Hall","TV-Y7","The series follows Kiff, an optimistic squirrel whose thirst for life takes her on countless adventures through her town, alongside Barry, her chill bunny bestie. Set in a world where animals and magical oddballs tackle day-to-day life together, the duo navigate school, relationships, and their often-eccentric community.","https://disney.images.edge.bamgrid.com/ripcut-delivery/v2/variant/disney/cf009af5-4947-4e9e-9bff-110bea655b23/compose",Buddy | Comedy | Animation | Fantasy
"Featured","""Do What You Gotta Do"" | Descendants 3 Music Video","3m","2025","Music | Fantasy","","","TV-G","Bitterness never sounded so good! Whether you're a dad, daughter, or anyone in between, let it all out with this combative tune. When push comes to shove, it's time to listen to ""Do What You Gotta Do,"" performed by Dove Cameron and Cheyenne Jackson!","https://disney.images.edge.bamgrid.com/ripcut-delivery/v2/variant/disney/93ae777d-4645-4ec9-b36e-2707f909509b/compose",Music | Fantasy
"Featured","Wizards Beyond Waverly Place","","2024","Coming of Age | Comedy | Fantasy","","Janice LeAnn Brown | Alkaio Thiele | Max Matenko | Taylor Cora | Mimi Gianopulos | David Henrie","TV-G","Billie, a powerful young wizard at the center of a mysterious prophecy, is sent to live in the mortal world with the only wizard teacher who can help her control her powers—Justin Russo.","https://disney.images.edge.bamgrid.com/ripcut-delivery/v2/variant/disney/850053f3-605d-4154-a17e-266bd1fa6a9c/compose",Coming of Age | Comedy | Fantasy
"Featured","Big City Greens","","2018 - 2023","Action and Adventure | Comedy | Animation | Family","","Chris Houghton | Marieve Herington | Bob Joles | Artemis Pebdani","TV-Y7","Big City Greens is an animated comedy-adventure series which follows the offbeat adventures of Cricket Green, a mischievous and optimistic country boy who moves to the big city with his wildly out of place family, including his unique sister Tilly, overwhelmed father Bill, and feisty Gramma Alice. Cricket's natural curiosity and enthusiasm lead him and his family on epic journeys and into the hearts of his new neighbors.","https://disney.images.edge.bamgrid.com/ripcut-delivery/v2/variant/disney/538ea5ab-d2c6-4c9b-8794-c0cb152b0dbd/compose",Action and Adventure | Comedy | Animation | Family
"Featured","Mickey Mouse Clubhouse+","","2025","Animation","","Bret Iwan | Kaitlyn Robrock | Bill Farmer | Tony Anselmo | Tress MacNeille","TV-Y","Mickey and his pals welcome everyone to the Clubhouse for all-new, plussed-up adventures filled with songs, laughs, handy helping, and fun new surprises!","https://disney.images.edge.bamgrid.com/ripcut-delivery/v2/variant/disney/1a13e632-2d31-4ebc-a4a9-a8322728f539/compose",Animation
"Featured","""I Love You Mom"" | Phineas and Ferb Music Video","1m","2025","Music | Animation","","","TV-G","Because you love me for who I am! I'll always love you mom! For her mom's birthday, Candace writes her a song! Check out ""I Love You Mom"" performed by Candace!","https://disney.images.edge.bamgrid.com/ripcut-delivery/v2/variant/disney/f06e3a5a-7f02-435f-92b6-dbe504434828/compose",Music | Animation
"Descendants Music Videos","""Chillin' Like a Villain"" (Sing-Along) | Descendants 2 Music Video","3m","2020","Music | Fantasy","","","TV-G","Everybody's got a wicked side! It's time to break the rules with this infectious anthem from your favorite villains. Press play on ""Chillin' Like a Villain,"" performed by the Cast of Descendants 2!","https://disney.images.edge.bamgrid.com/ripcut-delivery/v2/variant/disney/3a5b9a0d-fbe8-4787-93bb-09eb9fec2596/compose",Music | Fantasy
"Descendants Music Videos","""What's My Name (Red Version)"" | Descendants: The Rise of Red Music Video","2m","2025","Music | Fantasy","","","TV-G","She's the queen of this town and calls the shots, it's Uma! If you're tired of the disrespect, then it's time to jam out to ""What's My Name (Red Version),"" performed by China Anne McClain and Kylie Cantrall!","https://disney.images.edge.bamgrid.com/ripcut-delivery/v2/variant/disney/2d449632-1778-4c6f-be40-231381aa42f0/compose",Music | Fantasy
"Descendants Music Videos","""Ways to Be Wicked"" (Sing-Along) | Descendants 2 Music Video","3m","2020","Music | Fantasy","","","TV-G","Don't be afraid to crash the party...they probably lost your invitation! Steal the show and dance along to this bad-to-the-bone hit single. Listen to ""Ways to Be Wicked,"" performed by the Cast of Descendants 2!","https://disney.images.edge.bamgrid.com/ripcut-delivery/v2/variant/disney/420be96a-8ae8-4dca-b4dc-f29457408c3c/compose",Music | Fantasy
"Descendants Music Videos","""It's Goin' Down"" (Sing-Along) | Descendants 2 Music Video","3m","2020","Music | Fantasy","","","TV-G","Are you prepared to stand your ground? Poor Ben may have to walk the plank and swim with killer sharks, but not before you jam out to ""It's Goin' Down,"" performed by the Cast of Descendants 2! Put your swords up, put 'em up, it's goin' down!","https://disney.images.edge.bamgrid.com/ripcut-delivery/v2/variant/disney/44107dee-5c98-44bf-b546-8f5623a52951/compose",Music | Fantasy
"Descendants Music Videos","""Night Falls"" | Descendants 3 Music Video","3m","2025","Music | Fantasy","","","TV-G","Put your differences aside, 'cause right now we're on the same side! Channel your inner VK with the anthemic fight song ""Night Falls,"" performed by the Cast of Descendants 3. All for one and that's a fact!","https://disney.images.edge.bamgrid.com/ripcut-delivery/v2/variant/disney/10a3fa2b-9baf-43e6-83b6-144a1f7afc74/compose",Music | Fantasy
"Descendants Music Videos","""Rotten to the Core"" (Sing-Along) | Descendants Music Video","2m","2020","Music | Fantasy","","","TV-G","Mirror, mirror on the wall, who's the baddest of them all? Dance into a wicked world with ""Rotten to the Core,"" the mischievous single performed by Dove Cameron, Cameron Boyce, Booboo Stewart, and Sofia Carson! Who could ask for more?","https://disney.images.edge.bamgrid.com/ripcut-delivery/v2/variant/disney/367d2af3-7aa3-4898-96ec-5b93c1208c2c/compose",Music | Fantasy
"Descendants Music Videos","""Break This Down"" | Descendants 3 Music Video","3m","2025","Music | Fantasy","","","TV-G","It's time to put your jam in motion! Get a brand new start with everyone all around and turn up the volume on ""Break This Down,"" performed by the Cast of Descendants 3. Let's go rock the town!","https://disney.images.edge.bamgrid.com/ripcut-delivery/v2/variant/disney/378a99c9-cd99-4084-91e2-f641fe8d2007/compose",Music | Fantasy
"Descendants Music Videos","""Did I Mention"" (Sing-Along) | Descendants Music Video","2m","2020","Music | Fantasy","","","TV-G","Well did I mention that I'm in love with you? Get R-I-D-I-C-U-L-O-U-S and sing along to ""Did I Mention,"" performed by Jeff Lewis and Mitchell Hope! Dance, sing along, and shout it out loud!","https://disney.images.edge.bamgrid.com/ripcut-delivery/v2/variant/disney/60e751d9-4b22-42a7-bcf4-0a3113a39cc6/compose",Music | Fantasy
"Descendants Music Videos","""Do What You Gotta Do"" | Descendants 3 Music Video","3m","2025","Music | Fantasy","","","TV-G","Bitterness never sounded so good! Whether you're a dad, daughter, or anyone in between, let it all out with this combative tune. When push comes to shove, it's time to listen to ""Do What You Gotta Do,"" performed by Dove Cameron and Cheyenne Jackson!","https://disney.images.edge.bamgrid.com/ripcut-delivery/v2/variant/disney/93ae777d-4645-4ec9-b36e-2707f909509b/compose",Music | Fantasy
"Descendants Music Videos","""Evil Like Me"" (Sing-Along) | Descendants Music Video","3m","2020","Music | Fantasy","","","TV-G","Don't you wanna be very very good at being bad? Claw your way to victory with the wickedly fun ""Evil Like Me,"" performed by Kristin Chenoweth and Dove Cameron. Watch out, Mal!","https://disney.images.edge.bamgrid.com/ripcut-delivery/v2/variant/disney/42950c07-88f8-419d-8a4f-636871c72289/compose",Music | Fantasy
"Series","A.N.T. Farm","","2011 - 2013","Coming of Age | Comedy | Music","","China Anne McClain | Sierra McCormick | Jake Short | Stefanie Scott | Carlon Jeffery","TV-G","Chyna Sparks and her friends Olive and Fletcher are the newest members of the A.N.T. (Advanced Natural Talents) program, which means they’re leaving middle school behind and heading straight to high school! The schoolwork may be tough, but fitting in with the older students is even tougher. But when they put their heads together, there’s nothing these best friends can’t handle!","https://disney.images.edge.bamgrid.com/ripcut-delivery/v2/variant/disney/3fdc2b0f-de97-4fa1-83c4-23326ab048f6/compose",Coming of Age | Comedy | Music
"Series","Alex & Co.","","2015 - 2016","Drama | Coming of Age | Comedy | Music","","Leonardo Cecchi | Eleonora Gaggero | Saul Nanni | Federico Russo | Beatrice Vendramin","TV-G","Alex, Nicole, Christian, Sam and Emma are five inseparable friends, dealing with their high school years, packed with emotions, love, fears and dreams. Their deep friendship will unite them, along with a new-found passion for music, which they will cultivate into real talent. Alex and his friends will certainly go through hard times, disappointments and obstacles, but if they stay together, there is no challenge they can't face and overcome.","https://disney.images.edge.bamgrid.com/ripcut-delivery/v2/variant/disney/10d259bc-46b7-4d94-bd0d-e5e278ed28cd/compose",Drama | Coming of Age | Comedy | Music
"Series","Andi Mack","","2017 - 2018","Drama | Coming of Age | Comedy","","Peyton Elizabeth Lee | Joshua Rush | Sofia Wylie | Asher Angel | Lilan Bowden | Lauren Tom","TV-G","Andi is just about to turn 13 and she's ready to rebel, along with her two close friends, Buffy and Cyrus. However, Andi’s journey is complicated by the arrival of her wild older sister, Bex. When she was a teenager, Bex was the poster child for rebellion. Now Bex stops by every year or two; where she and Andi usually enjoy an adventurous time together, and then Bex is off again. But this time, Bex is sticking around, and she’s ready to get her life together. Unfortunately, that means tearing Andi’s life apart.","https://disney.images.edge.bamgrid.com/ripcut-delivery/v2/variant/disney/ecc8b9d4-c89b-4f66-b081-04de4c3a1c08/compose",Drama | Coming of Age | Comedy
"Series","Austin & Ally","","2011 - 2015","Coming of Age | Comedy | Music","","Ross Lynch | Laura Marano | Raini Rodriguez | Calum Worthy","TV-G","Opposites rock when an unlikely partnership is formed between Austin, an extroverted musician/singer, and Ally, a brilliant yet shy songwriter - and their two best friends, Trish and Dez. Austin and Ally combine their talents to create a true musical tour-de-force, but will they be able to make it when embarrassing footage of Austin starts showing up on a local blog or Dez misreads the words and gets a kangaroo for Austin’s next video?","https://disney.images.edge.bamgrid.com/ripcut-delivery/v2/variant/disney/90efd658-c66d-4999-b993-ced6266ded2d/compose",Coming of Age | Comedy | Music
"Series","Best Friends Whenever","","2015 - 2016","Coming of Age | Buddy | Comedy | Science Fiction","","Lauren Taylor | Landry Bender | Gus Kamp | Ricky Garcia | Benjamin Cole Royer | Matthew Lewis Royer","TV-G","When their aspiring scientist friend Barry's invention goes awry, best friends Cyd and Shelby gain the power to leap forward and backward in time whenever they want – and even sometimes when they don’t! Now, these BFF’s experience the twists and turns of friendship and must decide between fixing mistakes in the past or catching a glimpse of the future. Cyd and Shelby must learn to master their new powers, deal with Shelby’s mischievous twin brothers Bret and Chet and maneuver through yesterday, today, and tomorrow!","https://disney.images.edge.bamgrid.com/ripcut-delivery/v2/variant/disney/9be29b2b-2c8e-4a17-8e20-7f2e8162f9ed/compose",Coming of Age | Buddy | Comedy | Science Fiction
"Series","Bizaardvark","","2016 - 2018","Buddy | Comedy | Music","","Madison Hu | Olivia Rodrigo | Jake Paul | DeVore Ledridge | Ethan Wacker","TV-PG","Best friends Paige and Frankie take the video blogging world by storm with their quirky online comedy channel “Bizaardvark.” Upon hitting 10,000 subscribers, these besties are invited to produce their videos at the influential Vuuugle Studios. In this cool environment – and with the help of longtime friend and 12-year-old agent Bernie, plus fellow Vuuugle stars Dirk and Amelia – these best friends embark on comedic adventures in their quest to rule the blogosphere.","https://disney.images.edge.bamgrid.com/ripcut-delivery/v2/variant/disney/20dcb4da-8c61-4e80-9591-4f9782667aea/compose",Buddy | Comedy | Music
"Series","Bunk'd","","2015 - 2021","Coming of Age | Comedy","","Peyton List | Karan Brar | Skai Jackson | Miranda May | Kevin Quinn | Nathan Arenas","TV-PG","Emma, Ravi and Zuri Ross leave their New York penthouse for Camp Kikiwaka, the rustic summer camp in Maine where their parents met as teenagers. Emma and Ravi learn the ropes as Counselors in Training and are befriended by Lou, the cheerful head counselor, and Xander, the camp heartthrob. Meanwhile, Zuri makes new friends with her fellow campers including the overly studious Tiffany and compulsive fibber Jorge. The kids adapt to their new ""home away from home"" and settle into their exciting new lives at Camp Kikiwaka.","https://disney.images.edge.bamgrid.com/ripcut-delivery/v2/variant/disney/da840d59-2750-4e12-8cb4-3e7bdec30696/compose",Coming of Age | Comedy
"Series","Coop & Cami Ask The World","","2018 - 2019","Comedy","","Ruby Rose Turner | Dakota Lotus | Olivia Sanabia | Albert Tsai | Paxton Booth | Rebecca Metz","TV-G","Cooper and Cameron Wrather are two middle-school siblings who co-host Coop's online show, ""Would You Wrather."" With the help of their little brother Ollie and Coop's best friend Fred, the duo present out-of-the-box questions and results to the show's millions of followers (aka Wratherheads) who help them solve life problems both mundane and madcap. Every day is an adventure in the Wrather’s hectic household!","https://disney.images.edge.bamgrid.com/ripcut-delivery/v2/variant/disney/c4477d2b-5fe6-46a7-b65a-4202a2541218/compose",Comedy
"Series","Coop & Cami Ask The World (Shorts)","","2018","Comedy | Game Shows","","","TV-G","Cooper and Cameron Wrather are two middle-school siblings who co-host Coop's online show ""Would You Wrather."" With the help of their little brother Ollie and Coop's best friend Fred, the duo present out-of-the-box questions and results to the show's millions of followers (aka Wratherheads) who help them solve life problems - both mundane and madcap. Every day is an adventure in the Wrather’s hectic household, which also includes their older sister Charlotte and mom, Jenna.","https://disney.images.edge.bamgrid.com/ripcut-delivery/v2/variant/disney/b97600ac-3d28-44b4-9ce9-4a5f63430954/compose",Comedy | Game Shows
"Series","Disney Channel Games 2008","","2008","Variety | Game Shows | Sports","","Kyle Massey | Jennifer Stone | Ambra Lo Faro | Shin Koyamada | Roger Gonzalez | Sabrina Bryan","TV-G","Disney Channel stars from around the globe come together to compete in the third annual Disney Channel Games. Representing 15 countries, the stars are divided into four teams -- Comets, Cyclones, Lightning and Inferno. A Team Captain is selected and each team competes in the action-packed, comedic games. Although the games are colorful, larger-than-life and great fun, the competition is real and the competitors are determined to win the Disney Channel Games Cup. Includes concert performances by pop sensations Miley Cyrus, Jonas Brothers, The Cheetah Girls, Demi Lovato and Jordan Pruitt.","https://disney.images.edge.bamgrid.com/ripcut-delivery/v2/variant/disney/5b291b1b-b607-4361-be47-18a46f7dfa71/compose",Variety | Game Shows | Sports
"Animated Series","Moon Girl and Devil Dinosaur","","2023 - 2024","Super Heroes | Action and Adventure | Coming of Age | Comedy | Animation","","Diamond White | Fred Tatasciore | Libe Barer | Alfre Woodard | Sasheer Zamata | Gary Anthony Williams","TV-Y7-FV","""Marvel's Moon Girl and Devil Dinosaur,""based on Marvel's hit comic books, follows the adventures of 13-year-old super-genius Lunella Lafayette and her 10-ton T-Rex, Devil Dinosaur. After Lunella accidentally brings Devil Dinosaur into present-day New York City, the duo works together to protect the city's Lower East Side from danger.","https://disney.images.edge.bamgrid.com/ripcut-delivery/v2/variant/disney/bddcb515-d5fc-418f-94fa-b4c2c9332b9b/compose",Super Heroes | Action and Adventure | Coming of Age | Comedy | Animation
"Animated Series","The Owl House","","2020 - 2022","Action and Adventure | Comedy | Animation | Fantasy","","Sarah-Nicole Robles | Wendie Malick | Alex Hirsch | Tati Gabrielle | Issac Ryan Brown | Mae Whitman","TV-Y7-FV","Luz, a self-assured teenage human girl, accidentally stumbles upon a portal to a magical new world where she befriends a rebellious witch, Eda, and an adorably tiny warrior, King. Despite not having magical abilities, Luz pursues her dream of becoming a witch by serving as Eda's apprentice at the Owl House and ultimately finds a new family in an unlikely setting.","https://disney.images.edge.bamgrid.com/ripcut-delivery/v2/variant/disney/74f06983-5a44-43f1-8eef-1d560059dc16/compose",Action and Adventure | Comedy | Animation | Fantasy
"Animated Series","ZOMBIES: The Re-Animated Series","","2024","Comedy | Animation | Musicals | Fantasy","","Milo Manheim | Meg Donnelly | Trevor Tordjman | Kylee Russell | Chandler Kinney | Carla Jeffery","TV-G","Get ready for musical fun and new friends, as we follow the daily lives of Zed, Addison, and the entire Seabrook crew. Using A-Spen’s alien time warp technology, Zed and Addison start their senior year all over again, so they can redo it with all their friends! And this senior year is going to be the best one ever, with the crew hanging out, having fun, and doing everything from saving the town to saving their favorite drink in the cafeteria. At Seabrook, even an ordinary day in high school can turn into a wild, ridiculous adventure.","https://disney.images.edge.bamgrid.com/ripcut-delivery/v2/variant/disney/9b32eac7-d1c3-46e1-8967-5ee3e66eee05/compose",Comedy | Animation | Musicals | Fantasy
"Animated Series","101 Dalmatian Street","","2018","Coming of Age | Comedy | Animation | Action and Adventure","","Josh Brener | Michaela Dietz | Ella Kenion | Rhashan Stone","TV-Y7","Follow the adventures of eldest siblings Dolly and Dylan, their Mum Delilah and Dad Doug, and their 97 younger brothers and sisters as their embark on urban adventures and extreme sibling rivalry. Together, the pups explore growing up and finding their own spot inside the biggest, messiest, furriest blended family ever.","https://disney.images.edge.bamgrid.com/ripcut-delivery/v2/variant/disney/161d4e80-0ed3-48a9-a0c4-f78915ff20d0/compose",Coming of Age | Comedy | Animation | Action and Adventure
"Animated Series","American Dragon: Jake Long","","2005 - 2006","Action and Adventure | Comedy | Animation | Fantasy","","Dante Basco | John Dimaggio | Keone Young | Kittie | Charlie Finn | Mae Whitman","TV-G","Disney's American Dragon: Jake Long is a coming-of-age comedy-action series about Jake Long, a 13-year-old Asian-American boy. Jake strives to find balance in his life as a skateboard-grinding New York teen while learning to master his mystical powers as the American Dragon, protector of all magical creatures secretly living in the human world. Jake's life takes hilarious turns as he juggles his grandfather-guided training regimen with all the social hurdles of adolescence, including the pursuit of his dream girl; whose alter ego turns out to be his arch-villain's protege.","https://disney.images.edge.bamgrid.com/ripcut-delivery/v2/variant/disney/aea8ddd4-2e8c-4340-a14b-bed52050d2e7/compose",Action and Adventure | Comedy | Animation | Fantasy
"Animated Series","Amphibia","","2019 - 2021","Comedy | Animation | Fantasy","","Justin Felbinger | Amanda Leighton | Bill Farmer | Brenda Song","TV-Y7-FV","Amphibia chronicles the comedic adventures of thirteen-year-old Anne Boonchuy. After stealing a mysterious music box, Anne is magically transported to the world of Amphibia, a wild marshland full of talking frog-people. With the help of an excitable young frog named Sprig, Anne transforms from monster to hero and discovers the first true friendship of her life.","https://disney.images.edge.bamgrid.com/ripcut-delivery/v2/variant/disney/0037270a-9359-4b24-bda5-b85b3e7a9490/compose",Comedy | Animation | Fantasy
"Animated Series","Big City Greens","","2018 - 2023","Action and Adventure | Comedy | Animation | Family","","Chris Houghton | Marieve Herington | Bob Joles | Artemis Pebdani","TV-Y7","Big City Greens is an animated comedy-adventure series which follows the offbeat adventures of Cricket Green, a mischievous and optimistic country boy who moves to the big city with his wildly out of place family, including his unique sister Tilly, overwhelmed father Bill, and feisty Gramma Alice. Cricket's natural curiosity and enthusiasm lead him and his family on epic journeys and into the hearts of his new neighbors.","https://disney.images.edge.bamgrid.com/ripcut-delivery/v2/variant/disney/538ea5ab-d2c6-4c9b-8794-c0cb152b0dbd/compose",Action and Adventure | Comedy | Animation | Family
"Animated Series","Big City Greens (Shorts)","","2018","Action and Adventure | Comedy | Animation","","Chris Houghton | Marieve Herington","TV-Y7","Head to the big city for a street race with Cricket, a tea party with Tilly and an epic family battle for the last donut. When you’re with the Greens, you’re in for a wild ride!","https://disney.images.edge.bamgrid.com/ripcut-delivery/v2/variant/disney/a39abeae-e2a0-4d27-98a3-784fc76e20f4/compose",Action and Adventure | Comedy | Animation
"Animated Series","Chibi Tiny Tales","","2020 - 2024","Anthology | Comedy | Animation","","","TV-G","The adventures of various Disney characters are presented in Chibi style.","https://disney.images.edge.bamgrid.com/ripcut-delivery/v2/variant/disney/acc088c5-692f-41f0-ba4e-77fc051c6978/compose",Anthology | Comedy | Animation
"Animated Series","Chibiverse","","2022 - 2025","Comedy | Animation","","","TV-Y7","Watch as the insanely cute Chibi versions of all your favorite Disney animated characters put on a showcase to celebrate their wild Chibi adventures!","https://disney.images.edge.bamgrid.com/ripcut-delivery/v2/variant/disney/1d3c82a5-9987-417b-8536-dbe1f44d1102/compose",Comedy | Animation
"Disney Channel Original Movies","Zombies 4: Dawn of the Vampires","1h 28m","2025","Coming of Age | Science Fiction | Musicals | Fantasy","Paul Hoen","Milo Manheim | Meg Donnelly | Kylee Russell | Chandler Kinney | Malachi Barton | Freya Skye","TV-G","In the first three “ZOMBIES” movies, Zed and Addison brought human and monsterkind together in their hometown of Seabrook. Now, a new adventure dawns for the duo when their summer road trip takes an unexpected detour, landing them in the middle of yet another monster rivalry: Daywalkers vs. Vampires. Tensions flare when Zed and Addison find themselves acting as camp counselors between the two opposing supernatural factions. With the help of Eliza and Willa, they must convince sworn enemies Nova and Victor to try to unite their warring worlds before an even greater threat endangers them all.","https://disney.images.edge.bamgrid.com/ripcut-delivery/v2/variant/disney/0158cf31-007a-4ea9-8354-3c52fda3852a/compose",Coming of Age | Science Fiction | Musicals | Fantasy
"Disney Channel Original Movies","Descendants Sing-Along","1h 51m","2024","Coming of Age | Musicals | Fantasy","Kenny Ortega","Dove Cameron | Cameron Boyce | Booboo Stewart | Sofia Carson | Mitchell Hope | Melanie Paxson","TV-G","Follow the on-screen lyrics and sing along to your favorite songs as you watch “Descendants.""","https://disney.images.edge.bamgrid.com/ripcut-delivery/v2/variant/disney/c0523065-dc5b-47f8-b11f-0cc39051ce30/compose",Coming of Age | Musicals | Fantasy
"Disney Channel Original Movies","Prom Pact","1h 39m","2023","Coming of Age | Romantic Comedy | Comedy | Romance","Anya Adams","Peyton Elizabeth Lee | Milo Manheim | Blake Draper | Monique Green | Arica Himmel | Jason Sakaki","TV-14","It's the height of prom season, and high school senior Mandy Yang and her best friend and fellow outsider Ben are surrounded by over-the-top '80s-themed ""promposals."" However, Mandy keeps her eyes focused on a different goal: her lifelong dream of attending Harvard. When she finds out her acceptance has been deferred, she is determined to do whatever she can do to get herself off the waitlist, even if that means asking for help from the one person she abhors – popular basketball all-star Graham Lansing, whose father is a powerful senator and Harvard alum. Once Mandy becomes Graham's tutor, she begins to realize there's more to him than she thought and perhaps something more to life than Harvard.","https://disney.images.edge.bamgrid.com/ripcut-delivery/v2/variant/disney/36873e02-1b90-455c-9198-16de914da2f5/compose",Coming of Age | Romantic Comedy | Comedy | Romance
"Disney Channel Original Movies","Under Wraps 2","1h 23m","2022","Comedy | Fantasy","Alex Zamm","Malachi Barton | Christian J. Simon | Sophia Hammons | Melanie Brook | Jordan Conley | Rryla McIntosh","TV-G","Amy is preparing for her father’s Halloween-themed wedding to his fiancé Carl, when Amy, Gilbert and Marshall discover that their mummy friend Harold and his beloved Rose may be in danger. Stobek, an evil mummy with a thousand-year-old grudge against his best friend-turned bitter rival Harold, is unexpectedly awakened and out for revenge. With help from his hypnotized lacky Larry, Sobek kidnaps Rose, and Amy, Gilbert, Marshall, Buzzy, and Harold must use their skills once again to save her and get back in time to attend the wedding.","https://disney.images.edge.bamgrid.com/ripcut-delivery/v2/variant/disney/983a935a-c5ef-40a5-b44c-740d39353b50/compose",Comedy | Fantasy
"Disney Channel Original Movies","Under Wraps","1h 33m","2021","Comedy | Fantasy","Alex Zamm","Malachi Barton | Christian J. Simon | Sophia Hammons | Melanie Brook | Brent Stait | Jordana Largy","TV-G","12-year-old friends, Marshall, Gilbert and Amy accidentally revive a mummy they discover in a neighbor's basement. They affectionately name the mummy Harold, and must rush to return him to his resting place before midnight on Halloween.","https://disney.images.edge.bamgrid.com/ripcut-delivery/v2/variant/disney/8e4b06a0-50af-4a61-8493-b30b0a336926/compose",Comedy | Fantasy
"Disney Channel Original Movies","Spin","1h 35m","2021","Coming of Age | Music","Manjari Makijany","Avantika | Michael Bishop | Anna Cathcart | Jahbril Cook | Kerri Medders | Aryan Simhadri","TV-G","Rhea discovers her passion for creating DJ mixes that blend the rich textures of her South Asian culture and the world around her. Her life revolves around her eclectic group of friends, her after-school coding club, her family’s Indian restaurant and her tight-knit, multigenerational family. Everything changes when she falls for aspiring DJ Max, and her long-lost fervor for music is re-ignited. Rhea discovers that she has a natural gift for creating beats and producing music but must find the courage to follow her true inner talent.","https://disney.images.edge.bamgrid.com/ripcut-delivery/v2/variant/disney/9c7c70f8-97bc-42bc-8c44-c199eb3a34c2/compose",Coming of Age | Music
"Disney Channel Original Movies","ZOMBIES 2","1h 26m","2020","Coming of Age | Romance | Musicals | Fantasy","Paul Hoen","Milo Manheim | Meg Donnelly | Trevor Tordjman | Kylee Russell | Carla Jeffery | Chandler Kinney","TV-G","Zed and Addison are back at Seabrook High, where, after a groundbreaking semester, they continue to steer both their school and community toward unity! But the arrival of a new group of outsiders – mysterious werewolves – threatens to shake up the newfound peace and causes a rift in Zed and Addison’s budding romance! Some flashing lights sequences or patterns may affect photosensitive viewers.","https://disney.images.edge.bamgrid.com/ripcut-delivery/v2/variant/disney/6cda8130-2e58-496a-828d-6da4e0d32459/compose",Coming of Age | Romance | Musicals | Fantasy
"Disney Channel Original Movies","Descendants 3","1h 50m","2019","Coming of Age | Musicals | Fantasy","Kenny Ortega","Dove Cameron | Cameron Boyce | Sofia Carson | Booboo Stewart | Mitchell Hope | Sarah Jefferey","TV-G","The saga of good versus evil continues as the VKs Mal, Evie, Carlos and Jay return to the Isle of the Lost to recruit a new batch of villainous offspring to join them at Auradon Prep. When a barrier breach jeopardizes the safety of Auradon during their departure off the Isle, Mal resolves to permanently close the barrier, fearing that Uma and Hades will wreak vengeance on the kingdom. Despite her decision, a dark force threatens the people of Auradon, and it's up to Mal and the VKs to save everyone in their most epic battle yet.","https://disney.images.edge.bamgrid.com/ripcut-delivery/v2/variant/disney/f81daa22-b141-45c0-925d-685686227ec2/compose",Coming of Age | Musicals | Fantasy
"Disney Channel Original Movies","Kim Possible","1h 28m","2019","Action and Adventure | Coming of Age | Comedy | Heroes","Adam Stein","Sadie Stanley | Sean Giambrone | Ciara Riley Wilson | Taylor Ortega | Connie Ray | Issac Ryan Brown","TV-G","Everyday teen hero Kim Possible and her best friend Ron Stoppable embark on their freshman year of high school, all while saving the world from evil villains. While Kim and Ron have always been one step ahead of their opponents, navigating the social hierarchy of high school is more challenging than the action heros ever imagined. With Drakken and Shego lurking in the wings, Kim must rely on her family and Team Possible: Ron, tech-genius Wade, new friend Athena and Rufus, a naked mole-rat.","https://disney.images.edge.bamgrid.com/ripcut-delivery/v2/variant/disney/0fdeaf53-7b13-4dd9-9c4d-c77b029b16cd/compose",Action and Adventure | Coming of Age | Comedy | Heroes
"Disney Channel Original Movies","Freaky Friday","1h 33m","2018","Coming of Age | Comedy | Musicals | Fantasy","Steve Carr","Cozi Zuehlsdorff | Heidi Blickenstaff | Jason Maybaum | Alex Désert | Ricky He | Kahyun Kim","TV-G","In Disney’s madcap musical comedy about a body-swapping mother and daughter, Ellie is a feisty sixteen-year-old trying to assert her independence. Katherine is a stressed mom who can’t understand her stubborn teenager. There’s a big confrontation when Katherine won’t allow Ellie to join “The Hunt,” an all-night scavenger quest. When they both angrily wish each other could see things her way, the power of an hourglass causes them to magically switch bodies. Now they must spend the day in each other’s shoes while they hunt down the matching hourglass so they can change back to their true selves.","https://disney.images.edge.bamgrid.com/ripcut-delivery/v2/variant/disney/68f09401-afdc-4331-b3b2-33c44de8c0b2/compose",Coming of Age | Comedy | Musicals | Fantasy
"ZOMBIES Music Videos","""Ain't No Doubt It (Reprise)"" | ZOMBIES 4 Music Video","1m","2025","Music | Romance | Fantasy","","","TV-G","Watch the ""Ain't No Doubt About It (Reprise)"" music video from ZOMBIES 4: Dawn of the Vampires! Performed by Milo Manheim and Meg Donnelly.","https://disney.images.edge.bamgrid.com/ripcut-delivery/v2/variant/disney/7125a425-31ed-4d8e-8782-3419a0a142c6/compose",Music | Romance | Fantasy
"ZOMBIES Music Videos","""Don't Mess With Us"" | ZOMBIES 4 Music Video","3m","2025","Music | Fantasy","","","TV-G","“Don’t Mess With Us” performed by the Cast of ZOMBIES 4: Dawn of the Vampires features Milo Manheim, Meg Donnelly, Chandler Kinney, Kylee Russell, Freya Skye, Malachi Barton, Swayam Bhatia, Julian Lerner and Mekonnen Knife, with choreography by Dondraico Johnson. The upbeat pop anthem introduces Nova (Skye) and the Daywalkers and Victor (Barton) and the Vampires — two rival monster factions from the neighboring towns of Sunnyside and Shadyside. Daywalkers showcase their ability to harness the sun’s energy, while Vampires command the power of wind and sky.","https://disney.images.edge.bamgrid.com/ripcut-delivery/v2/variant/disney/498d85bf-b705-4cc1-81ab-5e877743d82c/compose",Music | Fantasy
"ZOMBIES Music Videos","""Dream Come True"" | ZOMBIES 4 Music Video","3m","2025","Music | Romance | Fantasy","","","TV-G","Watch the breakout hit song, ""Dream Come True,"" music video from ZOMBIES 4: Dawn of the Vampires! Performed by Malachi Barton and Freya Skye now!","https://disney.images.edge.bamgrid.com/ripcut-delivery/v2/variant/disney/497dc952-7bae-4244-b905-b26f9bd65fac/compose",Music | Romance | Fantasy
"ZOMBIES Music Videos","""Dream Come True (Intro)"" | ZOMBIES 4 Music Video","","2025","Music | Romance | Fantasy","","","TV-G","Check out a tease of the breakout hit song, ""Dream Come True (Intro),"" now! Performed by Freya Skye and Malachi Barton.","https://disney.images.edge.bamgrid.com/ripcut-delivery/v2/variant/disney/163ab71f-ec57-42e6-a0f4-e10294a56515/compose",Music | Romance | Fantasy
"ZOMBIES Music Videos","""Kerosene"" | ZOMBIES 4 Music Video","3m","2025","Music | Fantasy","","","TV-G","Watch Milo Manheim take on the rap challenge of ""Kerosene"" in this music video from ZOMBIES 4: Dawn of the Vampires! Featuring Milo Manheim, Meg Donnelly, Chandler Kinney, Kylee Russell, Freya Skye, Malachi Barton, Swayam Bhatia, Julian Lerner and Mekonnen Knife.","https://disney.images.edge.bamgrid.com/ripcut-delivery/v2/variant/disney/03da40cb-9097-4ec0-a430-d617c19d374b/compose",Music | Fantasy
"ZOMBIES Music Videos","""Legends In The Making"" | ZOMBIES 4 Music Video","3m","2025","Coming of Age | Music | Fantasy","","","TV-G","Watch the ""Legends In The Making"" opening music number from ZOMBIES 4: Dawn of the Vampires! Performed by Milo Manheim, Meg Donnelly, Kylee Russell and Chandler Kinney.","https://disney.images.edge.bamgrid.com/ripcut-delivery/v2/variant/disney/0b096d86-763b-4eab-b0b4-5a7b6dd55793/compose",Coming of Age | Music | Fantasy
"ZOMBIES Music Videos","""My Own Way"" | ZOMBIES 4 Music Video","2m","2025","Coming of Age | Music | Fantasy","","","TV-G","Watch the ""My Own Way"" music video from ZOMBIES 4: Dawn of the Vampires! Performed by breakout star, Freya Skye.","https://disney.images.edge.bamgrid.com/ripcut-delivery/v2/variant/disney/080a1524-4d31-4a6c-8eb7-e6a3e680d301/compose",Coming of Age | Music | Fantasy
"ZOMBIES Music Videos","""Possible"" | ZOMBIES 4 Music Video","3m","2025","Music | Fantasy","","","TV-G","Watch the ""Possible"" music video from ZOMBIES 4: Dawn of the Vampires! Performed by Milo Manheim, Meg Donnelly, Chandler Kinney, Kylee Russell, Freya Skye, Malachi Barton, Swayam Bhatia, Julian Lerner and Mekonnen Knife.","https://disney.images.edge.bamgrid.com/ripcut-delivery/v2/variant/disney/073216a8-6b23-473c-9363-74bed4f0531e/compose",Music | Fantasy
"ZOMBIES Music Videos","""Show The World"" | ZOMBIES 4 Music Video","2m","2025","Music | Fantasy","","","TV-G","Watch the ""Show The World"" music video from ZOMBIES 4: Dawn of the Vampires! Performed by Milo Manheim, Meg Donnelly, Chandler Kinney, Kylee Russell, Freya Skye, Malachi Barton, Swayam Bhatia, Julian Lerner and Mekonnen Knife.","https://disney.images.edge.bamgrid.com/ripcut-delivery/v2/variant/disney/23ee2c7b-f2d0-487e-a2d8-3c840789674d/compose",Music | Fantasy
"ZOMBIES Music Videos","""Someday (Reprise)"" | ZOMBIES 4 Music Video","","2025","Music | Fantasy","","","TV-G","Relive the fan favorite, ""Someday,"" from ZOMBIES by watching the ""Someday (Reprise)"" music video from ZOMBIES 4: Dawn of the Vampires! Performed by Milo Manheim and Meg Donnelly.","https://disney.images.edge.bamgrid.com/ripcut-delivery/v2/variant/disney/076236a3-39e5-4563-b183-985205a9f791/compose",Music | Fantasy
"Phineas and Ferb Music Videos","""Perry the Platypus Theme"" (Sing-Along) | Phineas & Ferb Music Video","1m","2025","Comedy | Music | Animation","","","TV-G","He's a semi-aquatic, egg-laying mammal of action! Check out the ""Perry the Platypus Theme"" performed by Randy Crenshaw!","https://disney.images.edge.bamgrid.com/ripcut-delivery/v2/variant/disney/d917ef50-4244-4405-b2f1-ca8a105a45ae/compose",Comedy | Music | Animation
"Phineas and Ferb Music Videos","""Gitchee Gitchee Goo"" (Sing-Along) | Phineas and Ferb Music Video","1m","2025","Comedy | Music | Animation","","","TV-G","Never gonna stop! Gitchee gitchee goo means that I love you! Candace joins Phineas and Ferb for an epic performance! Check out Gitchee Gitchee Goo"" performed by Phineas and the Ferbtones!","https://disney.images.edge.bamgrid.com/ripcut-delivery/v2/variant/disney/724cbb13-8392-421f-8c89-6b0138401cf4/compose",Comedy | Music | Animation
"Phineas and Ferb Music Videos","""S.I.M.P. (Squirrels in My Pants) (Sing-Along) | Phineas and Ferb Music Video","1m","2025","Comedy | Music | Animation","","","TV-G","Tell me what's making you jump like that! S-I-M-P, squirrels in my pants! Check out ""S.I.M.P. (Squirrels in My Pants)"" performed by 2 Guys n the Parque!","https://disney.images.edge.bamgrid.com/ripcut-delivery/v2/variant/disney/b67b26f4-12c4-4d25-85ac-0a14bdfdc717/compose",Comedy | Music | Animation
"Phineas and Ferb Music Videos","""My Nemesis"" | Phineas and Ferb Music Video","1m","2025","Comedy | Music | Animation","","","TV-G","I used to sit alone doing evil all day, but now I think that someone's gonna get in my way… Dr. Doofenshmirtz flashes back to the first time he met his nemesis, Perry the Platypus! Check out ""My Nemesis"" performed by Danny Jacob!","https://disney.images.edge.bamgrid.com/ripcut-delivery/v2/variant/disney/700eb006-8dba-46ac-9bcb-84a17b12acc1/compose",Comedy | Music | Animation
"Phineas and Ferb Music Videos","""Busted"" (Sing-Along) | Phineas and Ferb Music Video","1m","2025","Comedy | Music | Animation","","","TV-G","I'll get ya! yeah! I'll get ya and when I do you're gonna be busted! Candace and Vanessa are ready to tattle on their family! Check out ""Busted"" performed by Candace and Vanessa!","https://disney.images.edge.bamgrid.com/ripcut-delivery/v2/variant/disney/0b31f321-206a-4df4-ae9c-d9cadb96837c/compose",Comedy | Music | Animation
"Phineas and Ferb Music Videos","""Whatcha Doin'?"" | Phineas and Ferb the Movie: Across the 2nd Dimension Music Video","1m","2025","Comedy | Music | Animation","","","TV-G","What'cha doin'? What'cha doin'? What's the day's activity? Isabella gets her time to shine! Check out ""Whatcha Doin'?"" performed by Isabella!","https://disney.images.edge.bamgrid.com/ripcut-delivery/v2/variant/disney/3862d8d9-b5ba-4b69-bd14-63d1fb25f6e4/compose",Comedy | Music | Animation
"Phineas and Ferb Music Videos","""Ain't Got Rhythm"" (Sing-Along) | Phineas and Ferb Music Video","2m","2025","Comedy | Music | Animation","","","TV-G","Sounds like rhythm to me! Can Phineas and Ferb get the band back together? Check out ""Ain't Got Rhythm"" performed by Phineas and Sherman!","https://disney.images.edge.bamgrid.com/ripcut-delivery/v2/variant/disney/3709e20f-4a95-4467-a3b6-7d1c986f121e/compose",Comedy | Music | Animation
"Phineas and Ferb Music Videos","""Backyard Beach"" (Sing-Along) | Phineas and Ferb Music Video","1m","2025","Comedy | Music | Animation","","","TV-G","Listen up people and we'll teach ya! Nothing's out of reach, we got the backyard beach! Phineas and Ferb tell the tale of the backyard beach! Check out ""Backyard Beach"" performed by Ferb!","https://disney.images.edge.bamgrid.com/ripcut-delivery/v2/variant/disney/ebb27729-1c24-487f-86fa-20219ec07607/compose",Comedy | Music | Animation
"Phineas and Ferb Music Videos","""Come Home Perry"" | Phineas and Ferb: Across the 1st and 2nd Dimensions Music Video","2m","2025","Comedy | Music | Animation","","","TV-G","So come home Perry! Come home Perry! Phineas, Ferb, and Candace try to get Perry to come home! Check out ""Come Home Perry"" performed by Phineas and Candace!","https://disney.images.edge.bamgrid.com/ripcut-delivery/v2/variant/disney/1d504156-642a-4def-94f3-17a482d1f6dd/compose",Comedy | Music | Animation
"Phineas and Ferb Music Videos","""E.V.I.L. B.O.Y.S."" | Phineas and Ferb Music Video","1m","2025","Comedy | Music | Animation","","","TV-G","Those boys are evil! But before you get home they always somehow clean up the mess! Candace tries to convince her mom that Phineas and Ferb are up to no good! Check out ""E.V.I.L. B.O.Y.S."" performed by Candace!","https://disney.images.edge.bamgrid.com/ripcut-delivery/v2/variant/disney/1d603212-e6ed-493e-b8e1-24fb4740bce7/compose",Comedy | Music | Animation
