Content Type,Title,URL,Description,Genre,IMDb Rating,Episodes/Runtime,Release Year,Image URL,Genre
Anime,Naruto,https://www.primevideo.com/detail/0HONAA6TJDRJPZZ2310Z6XOG09/ref=atv_sr_fle_c_Tn74RA_70_1_1?sr=1-1&pageTypeIdSource=ASIN&pageTypeId=B07VKFNS7Q&qid=1759379633354,"Un enfant a été choisi dès sa naissance pour devenir l'hôte du légendaire démon renard à 9 queues. Il s'agit d'un monstre effrayant de puissance enfermé dans une prison corporelle, celle d'un nouveau-né... L'oeuvre de Masashi Kishimoto, composée d'émotions, de mythologies, de symbolisme, est d'une richesse qui en fait l'un des plus grand mangas actuel. Cette quête initiatique, qui met à ...","Anime, Animation, Action, Adventure",8.4,52 episodes,2005,https://m.media-amazon.com/images/S/pv-target-images/6c96a6a25238eb7e81cf695e9cd76056566e91b9c6149f50fd792775db4b05b4._SX1080_FMjpg_.jpg,Anime, Animation, Action, Adventure
Anime,Call of the Night,https://www.primevideo.com/detail/0HGZCX1WR9YH6FJX0HXEO8182Y/ref=atv_sr_fle_c_Tn74RA_37_1_2?sr=1-2&pageTypeIdSource=ASIN&pageTypeId=B0B8JVV7KG&qid=1759379633354,"Ko’s new companion, Nazuna, could offer him dark gifts and a vampire’s immortality. But there are conditions that Ko must meet before he can sink his teeth into vampirism, and he’ll discover just how far he’s willing to go to satisfy his desires.","Fantasy, Animation, Comedy, Romance",7.5,13 episodes,2022,https://m.media-amazon.com/images/S/pv-target-images/c46238063fb1df1298ad32819d640b07528541fb25e25209bb9a45811af10665._SX1080_FMjpg_.jpg,Fantasy, Animation, Comedy, Romance
Anime,Naruto Shippuden,https://www.primevideo.com/detail/0Q7KA5I08CDUOCDJL78GFQ1VOV/ref=atv_sr_fle_c_Tn74RA_41_1_3?sr=1-3&pageTypeIdSource=ASIN&pageTypeId=B085F28Q34&qid=1759379633354,"Naruto est de retour! Après deux ans et demi d'entraînement avec Jiraya, il retrouve ses camarades de l'Académie des ninja ainsi que ses professeurs de Konoha. Tous ont évolué, y compris les ninjas du village de Suna. Seul Kakashi, semble être resté fidèle à lui-même!","Anime, International, Animation, Action",8.7,52 episodes,2009,https://m.media-amazon.com/images/S/pv-target-images/575026f020d10961a985ce04908869b021444dc9efd11292e027bcd1949b6a4b._SX1080_FMjpg_.jpg,Anime, International, Animation, Action
Anime,Jujutsu Kaisen,https://www.primevideo.com/detail/0O4GQNQGMXNKMYTJICGYOAH4RN/ref=atv_sr_fle_c_Tn74RA_2_1_4?sr=1-4&pageTypeIdSource=ASIN&pageTypeId=B0CHF9PZ6J&qid=1759379633354,The start of an epic tale about a boy who harbors a curse to exorcize curses.,"Animation, Action, Adventure, Fantasy",8.5,24 episodes,2020,https://m.media-amazon.com/images/S/pv-target-images/5938794d5b8d789dafe76c36cc97f665c03d6d49a5cd43e6c85046d251f2f556._SX1080_FMjpg_.jpg,Animation, Action, Adventure, Fantasy
Anime,Murder Drones,https://www.primevideo.com/detail/0TRPRMJ9KRIKI3KWWIY11K17DL/ref=atv_sr_fle_c_Tn74RA_4_1_5?sr=1-5&pageTypeIdSource=ASIN&pageTypeId=B0DH2VKTPF&qid=1759379633354,"A heart warming story of ""destroy all humans."" Uzi, a sardonic teen worker robot gone rogue befriends N, an excitable optimistic disassembly drone sent to destroy her, creating what we can assume is a very bad relationship for mankind.","Animation, Young Adult Audience, Anime",7.6,8 episodes,2025,https://m.media-amazon.com/images/S/pv-target-images/e1480f7b925170d1dd0471bf522927bc8947b291af13ed75792b8ca00eddf145._SX1080_FMjpg_.jpg,Animation, Young Adult Audience, Anime
Anime,Spy X Family,https://www.primevideo.com/detail/0QGI0DZ9AAY9KH2RCS8QHHG2OA/ref=atv_sr_fle_c_Tn74RA_28_1_6?sr=1-6&pageTypeIdSource=ASIN&pageTypeId=B0F32M1PL6&qid=1759379633354,"World peace is at stake and secret agent Twilight must undergo his most difficult mission yet - pretend to be a family man. Posing as a loving husband and father, he'll infiltrate an elite school to get close to a high-profile politician. He has the perfect cover, except his wife's a deadly assassin and neither knows each other's identity. But someone does, his adopted daughter who's a telepath!","Animation, Action, Comedy, Suspense",8.2,25 episodes,2023,https://m.media-amazon.com/images/S/pv-target-images/7a3d44cc4eeeca6d52f2ea834d6d53e0d5f53b89cc24e052a820a9aa03a00f95._SX1080_FMjpg_.jpg,Animation, Action, Comedy, Suspense
Anime,From Old Country Bumpkin to Master Swordsman,https://www.primevideo.com/detail/0GMSR5WMNJ6EMYQRQ6Y2587WAF/ref=atv_sr_fle_c_Tn74RA_1_1_7?sr=1-7&pageTypeIdSource=ASIN&pageTypeId=B0DJ1KWC67&qid=1759379633354,"Beryl Gardenant, a middle-aged swordsman running a dojo in the backwaters, lives a quiet life, until Allucia, former student and Commander of the Royal Order of Knights, appears! Beryl’s life is about to change dramatically! City life. Old students. New friends and formidable foes. It’s all too much. But after years of training, he has mad skills, and he’s been dubbed “the backwater swordmaster.”","Animation, Action, Adventure, Comedy",6.7,12 episodes,2025,https://m.media-amazon.com/images/S/pv-target-images/527f32124fc6e179d207ba540d3ab2def58d95c5eea785d855017564016416d7._SX1080_FMjpg_.jpg,Animation, Action, Adventure, Comedy
Anime,Marvel Anime: Ironman,https://www.primevideo.com/detail/0N1XX7UKV1ZPNUKPOJKDWMLD0F/ref=atv_sr_fle_c_Tn74RA_48_1_8?sr=1-8&pageTypeIdSource=ASIN&pageTypeId=B0CH29R3HM&qid=1759379633354,"Billionaire CEO and Weapons Engineering genius Tony Stark comes to Japan to build a pollution-and-fuel-free reactor based on his arc reactor technology. He chose Japan because of the presence of “Lab 23”– led by Dr. Chika Tanaka with whom Stark gets involved romantically – the world's sole owner of the necessary technology. While holding a press conference, the media and Defense Minister...","Animation, Action, Science Fiction, Adventure",6.3,12 episodes,2010,https://m.media-amazon.com/images/S/pv-target-images/2d4835258a3b411c32408836caaa956fbf5fbb7c964e3450166897a76ebb70f8._SX1080_FMjpg_.jpg,Animation, Action, Science Fiction, Adventure
Anime,Demon Slayer: Kimetsu no Yaiba,https://www.primevideo.com/detail/0LB2ZHJCH603GVH3PVIZIM1PKE/ref=atv_sr_fle_c_Tn74RA_11_1_9?sr=1-9&pageTypeIdSource=ASIN&pageTypeId=B09HVFL2BG&qid=1759379633354,"Bloodthirsty demons lurk in the woods, and young Tanjirou takes it upon himself to protect his family. That is, until the day that everything is taken from him in a vicious slaughter. Now, all he has left is his sister, and she’s not even human anymore.","Anime, International, Animation, Action",8.6,27 episodes,2019,https://m.media-amazon.com/images/S/pv-target-images/d077fc95bb9fdfa96699d2e77ebac71140565b275bd5f65fec97681f973d5302._SX1080_FMjpg_.jpg,Anime, International, Animation, Action
Anime,BANANA FISH,https://www.primevideo.com/detail/0G0XIRHP3SKCHL2U5VK7ZW45AU/ref=atv_sr_fle_c_Tn74RA_58_1_10?sr=1-10&pageTypeIdSource=ASIN&pageTypeId=B07F8LJ5H7&qid=1759379633354,"In New York, Ash Lynx a boy with an perfect appearance and outstanding fighting power has been leading a street gang at the age of 17. One night, Ash is told the word ""Banana Fish"" from a man shot by his own subordinate. The word was that Griffin, his brother who was pretty crippled, often mentioned. At the same time, he meets Eiji Okumura, a Japanese boy who came as...","Anime, International",8.1,24 episodes,2018,https://m.media-amazon.com/images/S/pv-target-images/40c79765abe01b0832cc9775142089aaa8643da6770b4dd1d20bbc600f14ec97._SX1080_FMjpg_.jpg,Anime, International
Anime,My Hero Academia,https://www.primevideo.com/detail/0JNO1SKUQ47236DGO8DHX5E24B/ref=atv_sr_fle_c_Tn74RA_9_1_11?sr=1-11&pageTypeIdSource=ASIN&pageTypeId=B0DCQ32FB9&qid=1759379633354,"What makes a hero? Is it simply someone with superpowers? Can Izuku meet his idol, All Might, and become the ultimate hero that he always dream of?","Animation, Action, Adventure, Fantasy",8.2,13 episodes,2018,https://m.media-amazon.com/images/S/pv-target-images/3d9fc976c1a7fd06f4359044f3abb158312bb1754ed46f86e31bf9d3e954eda3._SX1080_FMjpg_.jpg,Animation, Action, Adventure, Fantasy
Anime,Dragon Ball Z,https://www.primevideo.com/detail/0JE9FZ5V59CKJI9HI72WEIWV39/ref=atv_sr_fle_c_Tn74RA_20_1_12?sr=1-12&pageTypeIdSource=ASIN&pageTypeId=B0BY9QVT4H&qid=1759379633354,"Goku—the strongest fighter on the planet—is all that stands between humanity and villains from the darkest corners of space. Joined in battle by the Z-Fighters, Goku travels to distant realms in search of the magic powers of the seven Dragon Balls!","Animation, Action, Adventure, Fantasy",8.8,39 episodes,1989,https://m.media-amazon.com/images/S/pv-target-images/6ca7b0149de0cb60400258b879fbbce487d9e399aa4f085b6cb5b8a87c6b2012._SX1080_FMjpg_.jpg,Animation, Action, Adventure, Fantasy
Anime,Wotakoi: Love is Hard for Otaku,https://www.primevideo.com/detail/0QBRN9H7SXXWWWPAVDSVCU0RDP/ref=atv_sr_fle_c_Tn74RA_26_1_13?sr=1-13&pageTypeIdSource=ASIN&pageTypeId=B07PJ17NYB&qid=1759379633354,"When Narumi, an office lady who hides the fact that she is a yaoi fangirl, changes jobs, she is reunited with Hirotaka, her childhood friend who is attractive and skilled but is a hardcore gaming otaku. They decide to start dating for now, but being otaku, both of them are awkward so a serious romantic relationship is rather difficult for them...","Anime, International, Romance, Comedy",7.5,11 episodes,2018,https://m.media-amazon.com/images/S/pv-target-images/ef19506565700f1c0bf25f2cde5e39aab9f94ac1e877ba8dd5bb23408a284074._SX1080_FMjpg_.jpg,Anime, International, Romance, Comedy
Anime,Frieren: Beyond Journey's End,https://www.primevideo.com/detail/0FCJEHY4FXTDVCLZ5NR9A0N42N/ref=atv_sr_fle_c_Tn74RA_45_1_14?sr=1-14&pageTypeIdSource=ASIN&pageTypeId=B0DQ61LKG6&qid=1759379633354,"The elven Frieren leads heroes to defeat the Demon King. Years later, she seeks to fulfill their dying wishes.","Animation, Adventure, Comedy, Drama",8.9,28 episodes,2023,https://m.media-amazon.com/images/S/pv-target-images/58c7d4448803e4e59ad96243a72dd3f0cfb1195ee098cc6927a2ea4bfeb72fe9._SX1080_FMjpg_.jpg,Animation, Adventure, Comedy, Drama
Anime,Kaiju No. 8,https://www.primevideo.com/detail/0SUOL8L2QLID49XBREN4CAHH0C/ref=atv_sr_fle_c_Tn74RA_3_1_15?sr=1-15&pageTypeIdSource=ASIN&pageTypeId=B0FH4W2C1Z&qid=1759379633354,"In a world plagued by creatures known as Kaiju, Kafka Hibino aspired to enlist in The Defense Force. He makes a promise to enlist with his childhood friend, Mina Ashiro. Soon, life takes them in separate ways. While employed cleaning up after Kaiju battles, Kafka meets Reno Ichikawa. Reno’s determination to join The Defense Force reawakens Kafka’s promise to join Mina and protect humanity.","Animation, Action, Adventure, Science Fiction",8.2,12 episodes,2024,https://m.media-amazon.com/images/S/pv-target-images/099d28985f360c2a8d8e7f4d7ffa2913b3e72c0aa87803ca8840a728cd911920._SX1080_FMjpg_.jpg,Animation, Action, Adventure, Science Fiction
Anime,Umamusume: Cinderella Gray,https://www.primevideo.com/detail/0K6S3ADL4O8MDCRV79NL5OOMVD/ref=atv_sr_fle_c_Tn74RA_33_1_16?sr=1-16&pageTypeIdSource=ASIN&pageTypeId=B0F1RY715C&qid=1759379633354,"Umamusume are racers who inherit the names and spirits of legendary racehorses from another world. Among them is Oguri Cap, a countryside-born Umamusume with an insatiable appetite! Unbeknownst to those around her, the potential of this ashen-haired “Beast” will soon propel her to the national stage and lead her down a legendary path. Follow her journey in this hot-blooded Cinderella story!","Animation, Comedy, Drama, Sports",7.8,13 episodes,2025,https://m.media-amazon.com/images/S/pv-target-images/7b09790646d9ba1e948346813a883deb67dab71f59494c561b9fe0675514ee9a._SX1080_FMjpg_.jpg,Animation, Comedy, Drama, Sports
Anime,Boruto - Naruto Next Generations,https://www.primevideo.com/detail/0MNO6WKB8I3016041RSOV5NKH4/ref=atv_sr_fle_c_Tn74RA_125_1_17?sr=1-17&pageTypeIdSource=ASIN&pageTypeId=B07XRH2P2M&qid=1759379633354,"Les grands affrontements dans le monde des ninjas appartiennent désormais au passé. Le village de Konoha est entré dans une ère de paix. Boruto, le fils du 7e Hokage, vit mal d'être dans l'ombre de son éminent paternel. Il ne se doute pas qu'une nouvelle menace plane sur eux... La légende de la nouvelle génération commence maintenant !","International, Anime",6.3,51 episodes,2020,https://m.media-amazon.com/images/S/pv-target-images/f51795fb76d6d042f3bd7f8129d60ef2f896f7caf1cc3d85b38920b0ed847a9a._SX1080_FMjpg_.jpg,International, Anime
Anime,Dororo,https://www.primevideo.com/detail/0PQPCQ0PCYB24M7PLJ2VSPO3WZ/ref=atv_sr_fle_c_Tn74RA_25_1_18?sr=1-18&pageTypeIdSource=ASIN&pageTypeId=B07MLHG5GM&qid=1759379633354,"(Diffusion de l'intégralité de la série en VOSTFR le 2 octobre à 17 h) - Pour assurer la prospérité et la pérennité de son territoire, Kagemitsu, le seigneur de Daigo, promet d’offrir les membres de son futur enfant à quarante-huit démons. Dépourvu de corps et de ses sens, Hyakkimaru est recueilli par Jukai, un prothésiste de génie. Accompagné du jeune bandit Dororo, l’adolescent arpente le J","Action, Adventure, Anime, International",8.2,24 episodes,2019,https://m.media-amazon.com/images/S/pv-target-images/46b4180bd6e73b0dbc9f8d4ae3378bd64285ce712ab403aef1b91df2eec417dd._SX1080_FMjpg_.jpg,Action, Adventure, Anime, International
Anime,Dragon Ball Super,https://www.primevideo.com/detail/0M51P33VEXW95LP5DBUB7NNY9E/ref=atv_sr_fle_c_Tn74RA_99_1_19?sr=1-19&pageTypeIdSource=ASIN&pageTypeId=B0CJHM5YHB&qid=1759379633354,"With Majin Buu defeated, Goku has taken a completely new role as a…radish farmer?! With Earth at peace, our heroes have settled into normal lives. But they can’t get too comfortable. Far away, a powerful God awakens to a prophecy revealing his demise at the hands of a formidable being. When his search for the Saiyan God brings him to Earth, can Goku and his friends take on their strongest...","Animation, Action, Adventure, Comedy",8.3,26 episodes,2015,https://m.media-amazon.com/images/S/pv-target-images/81783d5006b5fcefb2ec585b8535b139723117de7dd503786cb35d4dadcff6e9._SX1080_FMjpg_.jpg,Animation, Action, Adventure, Comedy
Anime,Anti-Magic Academy: The 35th Test Platoon,https://www.primevideo.com/detail/0INOMXAK45J9CGTDEPO9F7YHJX/ref=atv_sr_fle_c_Tn74RA_164_1_20?sr=1-20&pageTypeIdSource=ASIN&pageTypeId=B0B65MLQJR&qid=1759379633354,"Set in a world where witches run havoc, the military decides to shift from using sword to utilizing guns to neutralize magical threats. The Anti-Magic Academy is an institution that specializes in training witch hunters. Takeru Kusunagi, who can’t use guns and continues to fight with a sword, is relegated to the 35th Test Platoon, a motley group who can’t cooperate. One day, Ouka Ohtori, an e...","International, Anime, Animation, Action",6.3,12 episodes,2015,https://m.media-amazon.com/images/S/pv-target-images/a166fbb9c201328ea18221564a7bbda024fbf8a722d586a5a0b1506f86cacfdb._SX1080_FMjpg_.jpg,International, Anime, Animation, Action
Movie,Ice Road: Vengeance,https://www.primevideo.com/detail/0JR37N49GGQ9NMX1JJ20GRH4CT/ref=atv_mv_hom_c_jedVBt_MELk1c_1_10?jic=16%7CCgNhbGwSA2FsbA%3D%3D,"“Big-rig” ice road driver Mike McCann, honoring his late brother’s last wish, travels to Nepal to scatter his ashes on Mt. Everest. On a packed tour bus traversing the deadly 12,000 ft. terrain of the infamous Road to the Sky, Mike and his mountain guide encounter a group of mercenaries and must fight to save themselves, a busload of innocent travelers, and the local villagers’ homeland.","Action, Adventure, Intense, Thrilling",4.8,1 h 54 min,2025,https://m.media-amazon.com/images/S/pv-target-images/34c7cd4955541f8e91c7ab3a106cc0bcb7a1798a796ecd9db3e5cae7c70c2f0d._SX1080_FMjpg_.jpg,Action, Adventure, Intense, Thrilling
Movie,Play Dirty,https://www.primevideo.com/detail/0RIDDVF0CZI3HJFNE3SMUA2RP8/ref=atv_mv_hom_c_jedVBt_HS7974ed_1_1?jic=16%7CCgNhbGwSA2FsbA%3D%3D,"An expert thief rolls out the biggest heist of his life in Play Dirty, an action-packed thriller from director Shane Black. Parker (Mark Wahlberg), along with Grofield (LaKeith Stanfield), Zen (Rosa Salazar) and a skilled crew, stumble onto a score that pits them against the New York mob in this gritty, clever caper.","Action, Suspense",5.9,2 h 7 min,2025,https://m.media-amazon.com/images/S/pv-target-images/7f008b953091fa59adeba8dba63e1fc2cbc42fb4af89efc76f892c33e28fe5b0._SX1080_FMjpg_.jpg,Action, Suspense
Movie,Guns Up,https://www.primevideo.com/detail/0QBA9RASEOGTXY2PUUWFSQ08V3/ref=atv_mv_hom_c_jedVBt_HSf50239_1_2?jic=16%7CCgNhbGwSA2FsbA%3D%3D,"When a job goes horribly wrong, an ex-cop and family man (Kevin James) who moonlights as a mob henchman has one night to get his family out of the city.","Action, Comedy, Dark, Intense",5.4,1 h 31 min,2025,https://m.media-amazon.com/images/S/pv-target-images/bca162e3984ebd9d071503c5e3cef7fce2990f2b18e6e652f42aa81d29e3caeb._SX1080_FMjpg_.jpg,Action, Comedy, Dark, Intense
Movie,The Fantastic Four: First Steps,https://www.primevideo.com/detail/0LOERJPS7SZZLQ1XWVX2Q3DSDY/ref=atv_mv_hom_c_jedVBt_HS14ddaf_1_3?jic=16%7CCgNhbGwSA2FsbA%3D%3D,"Set against the backdrop of a ’60s-inspired, retro-futuristic world, Marvel’s First Family faces a daunting challenge. Forced to balance being heroes with their family bond, they must defend Earth from a space god and his enigmatic herald.","Action, Adventure, Exciting, Imaginative",7.1,1 h 55 min,2025,https://m.media-amazon.com/images/S/pv-target-images/fd81be59335637d4b5943ff8467dfd7c3d6314f87618a074a76e7b97d247ab18._SX1080_FMjpg_.jpg,Action, Adventure, Exciting, Imaginative
Movie,A Working Man,https://www.primevideo.com/detail/0TTX50M9TZP1PZD4N4OX99GR2X/ref=atv_mv_hom_c_zbfcqv_brws_2_1?jic=8%7CEgRzdm9k,"Levon Cade left behind a decorated military career in the black ops to live a simple life working construction. But when his boss’s daughter, who is like family to him, is taken by human traffickers, his search to bring her home uncovers a world of corruption far greater than he ever could have imagined.","Action, Suspense, Dark, Intense",5.7,1 h 56 min,2025,https://m.media-amazon.com/images/S/pv-target-images/fa555fd3967d8013d14263fde71bcdf2e0dd5e045e9a345d981f08e4c128e954._SX1080_FMjpg_.jpg,Action, Suspense, Dark, Intense
Movie,Ice Road: Vengeance,https://www.primevideo.com/detail/0JR37N49GGQ9NMX1JJ20GRH4CT/ref=atv_mv_hom_c_zbfcqv_brws_2_2?jic=8%7CEgRzdm9k,"“Big-rig” ice road driver Mike McCann, honoring his late brother’s last wish, travels to Nepal to scatter his ashes on Mt. Everest. On a packed tour bus traversing the deadly 12,000 ft. terrain of the infamous Road to the Sky, Mike and his mountain guide encounter a group of mercenaries and must fight to save themselves, a busload of innocent travelers, and the local villagers’ homeland.","Action, Adventure, Intense, Thrilling",4.8,1 h 54 min,2025,https://m.media-amazon.com/images/S/pv-target-images/34c7cd4955541f8e91c7ab3a106cc0bcb7a1798a796ecd9db3e5cae7c70c2f0d._SX1080_FMjpg_.jpg,Action, Adventure, Intense, Thrilling
Movie,The Map That Leads to You,https://www.primevideo.com/detail/0FQ3FRT54P5UTYEE2JNMN6KOEA/ref=atv_mv_hom_c_zbfcqv_brws_2_3?jic=8%7CEgRzdm9k,"The film follows Heather, a young woman traveling Europe with friends before starting her perfectly planned life. A chance meeting with Jack sparks an unexpected romance that leads to deep emotional discovery. As secrets and life choices test their bond, her path changes forever. Based on the novel by J.P. Monninger.","Drama, Romance, Heartwarming, Nostalgic",6.2,1 h 38 min,2025,https://m.media-amazon.com/images/S/pv-target-images/1ac30d79d59cf0983c64c9b799e3d1d25e9e9681c251c1ef11c8b0a9732a27e6._SX1080_FMjpg_.jpg,Drama, Romance, Heartwarming, Nostalgic
Movie,Heads of State,https://www.primevideo.com/detail/0Q0ZD7AIZGM4ISJE4J5T9AF9FA/ref=atv_mv_hom_c_zbfcqv_brws_2_4?jic=8%7CEgRzdm9k,"The UK Prime Minister (Idris Elba) and US President (John Cena) have a public rivalry that risks their countries' alliance. But when they become targets of a powerful enemy, they're forced to rely on each other as they go on a wild, multinational run. Allied with Noel, a brilliant MI6 agent (Priyanka Chopra Jonas), they must find a way to thwart a conspiracy that threatens the free world.","Action, Comedy, Thrilling, Exciting",6.4,1 h 56 min,2025,https://m.media-amazon.com/images/S/pv-target-images/c787ad8f0def48041d9cab44daec5a112c068274001c3a4024d91999fd999f03._SX1080_FMjpg_.jpg,Action, Comedy, Thrilling, Exciting
Movie,Clown in a Cornfield,https://www.primevideo.com/detail/0GVJCCJDSJI8PS821VSPHOHTQU/ref=atv_mv_hom_c_zbfcqv_brws_2_5?jic=8%7CEgRzdm9k,"Quinn and her father have just moved to the quiet town of Kettle Springs hoping for a fresh start. Instead, she discovers a fractured community that has fallen on hard times. As the locals bicker amongst themselves and tensions boil over, a sinister, grinning figure emerges from the cornfields to cleanse the town of its burdens, one bloody victim at a time. Welcome to Kettle Springs.","Horror, Suspense, Dark, Haunting",5.6,1 h 36 min,2025,https://m.media-amazon.com/images/S/pv-target-images/c3a85fe53d0ade896110ac3a4c774af306a46cba7d8fc48caa078b6bedc16468._SX1080_FMjpg_.jpg,Horror, Suspense, Dark, Haunting
Movie,Babygirl,https://www.primevideo.com/detail/0MXEHAKYXG7I5AEQ9ONK0Z0VWJ/ref=atv_mv_hom_c_zbfcqv_brws_2_6?jic=8%7CEgRzdm9k,A high-powered CEO puts her career and family on the line when she begins a torrid affair with her much younger intern.,"Suspense, Drama, Dark, Psychological",6,1 h 54 min,2024,https://m.media-amazon.com/images/S/pv-target-images/ffc210b6f79890bab993e914d8ea9b11e3513ea580dd65bde66abf3d9a1bcb2e._SX1080_FMjpg_.jpg,Suspense, Drama, Dark, Psychological
Movie,Wicked - Bonus X-Ray Edition,https://www.primevideo.com/detail/0OWZLPZCZKLFFM69I3A60V1KQ6/ref=atv_mv_hom_c_zbfcqv_brws_2_7?jic=8%7CEgRzdm9k,"Starring Cynthia Erivo and Ariana Grande, the untold story of the witches of Oz arrives on your screen, now with a sing-along version. (After purchase, you can access the ""Sing-Along version"" and other bonus content via X-Ray on select devices, web browsers, and mobile devices, or via the Movies Anywhere app (US only. Purchases only) on any supported device).","Fantasy, Imaginative, Inspiring",7.4,2 h 44 min,2024,https://m.media-amazon.com/images/S/pv-target-images/2b204693f03756415c92ab5ae39af8b6ebfcee640afcd6e0fe2f3a2165e37a51._SX1080_FMjpg_.jpg,Fantasy, Imaginative, Inspiring
Movie,Dog Man,https://www.primevideo.com/detail/0MIN86QA8YWO47JNMTNH1NYTKE/ref=atv_mv_hom_c_zbfcqv_brws_2_8?jic=8%7CEgRzdm9k,"While learning to embrace his new identity, Dog Man must stop feline supervillain Petey the Cat from cloning himself and going on a crime spree.","Animation, Adventure, Fun, Outlandish",N/A,1 h 29 min,2025,https://m.media-amazon.com/images/S/pv-target-images/6947ddd0c2549265ee7bff7a1d9f504c6ec555d4cd162ee61297df09077f4fb9._SX1080_FMjpg_.jpg,Animation, Adventure, Fun, Outlandish
Movie,Guns Up,https://www.primevideo.com/detail/0QBA9RASEOGTXY2PUUWFSQ08V3/ref=atv_mv_hom_c_zbfcqv_brws_2_9?jic=8%7CEgRzdm9k,"When a job goes horribly wrong, an ex-cop and family man (Kevin James) who moonlights as a mob henchman has one night to get his family out of the city.","Action, Comedy, Dark, Intense",5.4,1 h 31 min,2025,https://m.media-amazon.com/images/S/pv-target-images/bca162e3984ebd9d071503c5e3cef7fce2990f2b18e6e652f42aa81d29e3caeb._SX1080_FMjpg_.jpg,Action, Comedy, Dark, Intense
Movie,The Accountant 2,https://www.primevideo.com/detail/0TDY5ZV7OX9E4MJYBTL5ODPZVI/ref=atv_mv_hom_c_zbfcqv_brws_2_10?jic=8%7CEgRzdm9k,"Christian Wolff has a talent for solving complex problems. When an old acquaintance is murdered, leaving behind a cryptic message to ""find the accountant,"" Wolff must recruit his estranged and highly lethal brother, Brax, to help solve the case. In partnership with U.S. Treasury Deputy Director Medina, they uncover a deadly conspiracy and become targets of a ruthless network of killers.","Action, Dark, Intense, Thrilling",6.6,2 h 14 min,2025,https://m.media-amazon.com/images/S/pv-target-images/6f9297a0e0325abbab2384f140597954e79acdcd1dcc3965ed51491457f0235e._SX1080_FMjpg_.jpg,Action, Dark, Intense, Thrilling
Movie,Maalik,https://www.primevideo.com/detail/0NVVEQ6PWNXHM3DBJQ5FOVD3OZ/ref=atv_mv_hom_c_zbfcqv_brws_2_11?jic=8%7CEgRzdm9k,"Maalik is a gripping tale set in Allahabad’s gritty underworld, where a young man, inspired by a feared gangster, seeks power and respect. As he rises in crime, he's torn by moral conflicts and the cost of ambition. Alongside runs the emotional story of Maalik and his wife, Shalini, exploring love, family, and the generational divide in a world of violence.","Action, Drama, Dark, Intense",6,2 h 29 min,2025,https://m.media-amazon.com/images/S/pv-target-images/bb141db64a28f86d6cbc256c4b2569980030b6e16e70341329d28ac07dc4a635._SX1080_FMjpg_.jpg,Action, Drama, Dark, Intense
Movie,After,https://www.primevideo.com/detail/0OSFLG53I410J773BL8K7CAS84/ref=atv_mv_hom_c_cLMnsf_brws_3_1?jic=8%7CEgRzdm9k,"AFTER follows Tessa, a dedicated student, dutiful daughter and loyal girlfriend to her high school sweetheart, as she enters her first semester in college. Armed with grand ambitions for her future, her guarded world opens up when she meets the dark and mysterious Hardin Scott.","Drama, Romance, Atmospheric, Downbeat",5.3,1 h 41 min,2019,https://m.media-amazon.com/images/S/pv-target-images/010155c57b230c967e5983dd639919ec88f7cea8b54776d6499f001386748c10._SX1080_FMjpg_.jpg,Drama, Romance, Atmospheric, Downbeat
Movie,The Duff,https://www.primevideo.com/detail/0PUNMEVZEJN3L8MD3JDNKPPNGW/ref=atv_mv_hom_c_cLMnsf_brws_3_2?jic=8%7CEgRzdm9k,"Bianca is a high school senior whose world is shattered when she learns the student body knows her as 'The DUFF' (Designated Ugly Fat Friend) to her prettier, more popular friends. Then she enlists a charming jock to help reinvent herself...","Comedy, Romance, Charming, Passionate",6.4,1 h 40 min,2015,https://m.media-amazon.com/images/S/pv-target-images/dd47c30ba6510c384c1318f576582f5ec0645151e89a733f9d8128328da125c4._SX1080_FMjpg_.jpg,Comedy, Romance, Charming, Passionate
Movie,Tomb Raider (2018),https://www.primevideo.com/detail/0O71F7KN6S6AJDTV9UTS23ZVKD/ref=atv_mv_hom_c_cLMnsf_brws_3_3?jic=8%7CEgRzdm9k,"Armed with only her sharp mind, blind faith and stubborn spirit, young Lara Croft pushes past her limits on her very first perilous adventure into the unknown. If she survives, it could be the making of her…earning her the name ""tomb raider.""","Suspense, Adventure, Fantastic, Intense",6.3,1 h 52 min,2018,https://m.media-amazon.com/images/S/pv-target-images/ceb0a215664d5f817668e93fc57f85ac3a90be918578ad52f8dc6a04f667505b._SX1080_FMjpg_.jpg,Suspense, Adventure, Fantastic, Intense
Movie,Zookeeper,https://www.primevideo.com/detail/0OCJ860SUUL7YO8KJ05GEEUDUI/ref=atv_mv_hom_c_cLMnsf_brws_3_4?jic=8%7CEgRzdm9k,"Griffin Keyes, a kind-hearted zookeeper, is convinced the only way to get a girl in his life is to quit his job. The zoo animals, in a panic, decide to break their time-honored rule of not talking to humans and teach Griffin the ways of the wild so he can find a mate and stay at the zoo.","Comedy, Romance, Passionate, Exciting",5.2,1 h 37 min,2011,https://m.media-amazon.com/images/S/pv-target-images/e34afef524fe00d8e812101a00adf53198853aa24a30796261c351b9ce630a2f._SX1080_FMpng_.png,Comedy, Romance, Passionate, Exciting
Movie,After We Fell,https://www.primevideo.com/detail/0RXI6E6UMRCRYS4P25M9UKFAHJ/ref=atv_mv_hom_c_cLMnsf_brws_3_5?jic=8%7CEgRzdm9k,"Just as Tessa makes the biggest decision of her life, everything changes. Revelations about her family, and then Hardin's, throw everything they knew before in doubt and makes their hard-won future together more difficult to claim.","Drama, Romance, Intense, Heavy",4.8,1 h 38 min,2021,https://m.media-amazon.com/images/S/pv-target-images/4d0f4423b7d6f1ead5964787647d64dae14491cd8c81245b9c72977a5facd511._SX1080_FMjpg_.jpg,Drama, Romance, Intense, Heavy
